time_ms,actuator_raw,motor_cmd,depth_m,pressure_mbar,temp_c,depth_ok,battery_v
352,1938,0,0.7852,1090.00,22.82,1,11.51
401,1938,0,0.7846,1089.94,22.88,1,11.51
451,1938,0,0.7849,1089.97,22.91,1,11.51
501,1939,0,0.7854,1090.02,22.94,1,11.54
551,1941,0,0.7844,1089.92,22.96,1,11.51
601,1940,0,0.7850,1089.98,22.97,1,11.51
651,1940,0,0.7846,1089.94,22.97,1,11.51
701,1937,0,0.7846,1089.94,22.98,1,11.51
751,1935,0,0.7845,1089.93,22.98,1,11.51
801,1937,0,0.7847,1089.95,22.99,1,11.51
851,1938,0,0.7844,1089.92,22.99,1,11.51
901,1937,0,0.7846,1089.94,22.99,1,11.51
951,1940,0,0.7850,1089.98,23.00,1,11.51
1001,1938,0,0.7846,1089.94,23.00,1,11.51
1051,1938,0,0.7844,1089.92,23.00,1,11.51
1101,1939,0,0.7849,1089.97,23.00,1,11.51
1151,1940,0,0.7844,1089.92,23.00,1,11.51
1201,1937,0,0.7847,1089.95,23.00,1,11.51
1251,1938,0,0.7850,1089.98,23.00,1,11.51
1301,1938,0,0.7844,1089.92,23.01,1,11.51
1351,1939,0,0.7850,1089.98,23.00,1,11.51
1401,1936,0,0.7846,1089.94,23.00,1,11.51
1451,1937,0,0.7848,1089.96,23.01,1,11.51
1501,1937,0,0.7850,1089.98,23.00,1,11.51
1551,1939,0,0.7848,1089.96,23.01,1,11.51
1601,1938,0,0.7844,1089.92,23.01,1,11.51
1656,1940,171,0.7847,1089.95,23.00,1,11.51
1711,1938,171,0.7842,1089.90,22.99,1,11.51
1760,1951,255,0.7852,1090.00,23.00,1,11.50
1810,1986,255,0.7847,1089.95,23.00,1,11.50
1860,2028,255,0.7847,1089.95,23.00,1,11.51
1910,2071,255,0.7849,1089.97,23.01,1,11.51
1960,2113,255,0.7849,1089.97,23.00,1,11.51
2010,2153,255,0.7847,1089.95,23.01,1,11.51
2060,2188,255,0.7844,1089.92,23.01,1,11.51
2110,2232,255,0.7846,1089.94,23.01,1,11.51
2160,2270,255,0.7843,1089.91,23.01,1,11.51
2210,2314,255,0.7843,1089.91,23.01,1,11.51
2260,2357,255,0.7843,1089.91,23.01,1,11.51
2310,2396,255,0.7838,1089.86,23.01,1,11.51
2360,2441,255,0.7834,1089.83,23.01,1,11.51
2410,2479,255,0.7834,1089.83,23.00,1,11.50
2460,2522,255,0.7829,1089.78,23.01,1,11.51
2510,2560,255,0.7827,1089.76,23.01,1,11.50
2560,2605,255,0.7826,1089.75,23.01,1,11.50
2610,2650,255,0.7814,1089.63,23.01,1,11.50
2660,2694,255,0.7818,1089.67,23.01,1,11.51
2710,2734,255,0.7809,1089.58,23.01,1,11.51
2760,2779,255,0.7810,1089.59,23.01,1,11.51
2810,2823,255,0.7808,1089.57,23.01,1,11.51
2860,2860,255,0.7803,1089.52,23.01,1,11.50
2910,2905,238,0.7798,1089.47,23.01,1,11.50
2960,2943,238,0.7799,1089.48,23.01,1,11.50
3010,2982,222,0.7806,1089.55,23.01,1,11.51
3060,3019,222,0.7799,1089.48,23.01,1,11.51
3110,3041,207,0.7803,1089.52,23.01,1,11.51
3160,3067,200,0.7808,1089.57,23.01,1,11.51
3210,3105,200,0.7811,1089.60,23.01,1,11.50
3260,3115,190,0.7896,1090.43,23.01,1,11.51
3310,3141,190,0.7873,1090.21,23.01,1,11.51
3360,3163,181,0.7909,1090.56,23.01,1,11.51
3410,3184,181,0.7963,1091.09,23.01,1,11.51
3460,3204,183,0.7997,1091.42,23.01,1,11.51
3510,3214,179,0.8043,1091.87,23.01,1,11.50
3560,3225,179,0.8091,1092.35,23.01,1,11.51
3610,3248,173,0.8128,1092.71,23.01,1,11.51
3660,3261,171,0.8176,1093.18,23.01,1,11.50
3710,3276,171,0.8212,1093.53,23.01,1,11.51
3760,3295,164,0.8251,1093.91,23.01,1,11.51
3810,3305,164,0.8281,1094.21,23.01,1,11.50
3860,3303,158,0.8310,1094.49,23.01,1,11.50
3910,3324,158,0.8330,1094.69,23.01,1,11.51
3960,3327,156,0.8341,1094.80,23.01,1,11.51
4010,3335,156,0.8376,1095.14,23.01,1,11.51
4060,3347,151,0.8413,1095.50,23.01,1,11.51
4110,3354,0,0.8441,1095.78,23.01,1,11.51
4160,3354,0,0.8462,1095.98,23.01,1,11.51
4210,3356,-154,0.8472,1096.08,23.01,1,11.51
4260,3352,-154,0.8474,1096.10,23.01,1,11.51
4310,3368,-154,0.8498,1096.34,23.00,1,11.51
4360,3335,-154,0.8504,1096.40,23.01,1,11.51
4410,3327,-154,0.8519,1096.54,23.00,1,11.51
4460,3317,162,0.8518,1096.53,23.00,1,11.51
4510,3320,162,0.8511,1096.46,23.00,1,11.51
4560,3327,165,0.8520,1096.55,23.00,1,11.51
4610,3333,165,0.8510,1096.45,23.00,1,11.51
4660,3361,163,0.8509,1096.44,23.00,1,11.51
4710,3364,163,0.8498,1096.34,23.01,1,11.51
4760,3381,157,0.8484,1096.20,23.00,1,11.51
4810,3432,157,0.8472,1096.08,23.01,1,11.51
4860,3404,153,0.8460,1095.96,23.00,1,11.51
4910,3403,153,0.8448,1095.85,23.00,1,11.51
4960,3418,-152,0.8436,1095.73,23.00,1,11.50
5010,3423,-152,0.8422,1095.59,23.01,1,11.51
5060,3404,-154,0.8415,1095.52,23.00,1,11.51
5110,3425,-154,0.8399,1095.37,23.00,1,11.51
5160,3397,-152,0.8394,1095.32,23.00,1,11.51
5210,3398,-152,0.8388,1095.26,23.00,1,11.51
5260,3371,0,0.8372,1095.10,23.00,1,11.51
5310,3370,0,0.8373,1095.11,23.00,1,11.51
5360,3376,155,0.8361,1094.99,23.01,1,11.51
5410,3370,-157,0.8354,1094.92,23.01,1,11.51
5460,3363,-157,0.8349,1094.88,23.00,1,11.51
5510,3366,-157,0.8341,1094.80,23.00,1,11.51
5560,3329,-157,0.8331,1094.70,23.00,1,11.51
5610,3338,-156,0.8334,1094.73,23.00,1,11.51
5660,3307,-156,0.8326,1094.65,23.01,1,11.51
5710,3343,-151,0.8324,1094.63,23.01,1,11.51
5760,3285,-151,0.8318,1094.57,23.00,1,11.51
5810,3295,-152,0.8317,1094.56,23.00,1,11.51
5860,3284,-152,0.8324,1094.63,23.00,1,11.51
5910,3276,158,0.8320,1094.59,23.01,1,11.50
5960,3277,158,0.8318,1094.57,23.00,1,11.50
6010,3273,161,0.8325,1094.64,23.00,1,11.50
6060,3297,161,0.8320,1094.59,23.00,1,11.51
6110,3309,162,0.8327,1094.66,23.00,1,11.51
6160,3330,162,0.8329,1094.68,23.00,1,11.51
6210,3336,155,0.8334,1094.73,23.00,1,11.51
6260,3371,155,0.8336,1094.75,23.00,1,11.51
6310,3357,0,0.8343,1094.82,23.01,1,11.51
6360,3357,0,0.8348,1094.87,23.00,1,11.51
6410,3362,-166,0.8347,1094.86,23.00,1,11.51
6460,3353,-166,0.8356,1094.94,23.00,1,11.51
6510,3362,-167,0.8357,1094.95,23.01,1,11.51
6560,3333,-166,0.8355,1094.93,23.00,1,11.51
6610,3322,-166,0.8363,1095.01,23.01,1,11.50
6660,3302,-162,0.8361,1094.99,23.01,1,11.50
6710,3311,-162,0.8362,1095.00,23.00,1,11.51
6760,3273,-156,0.8369,1095.07,23.01,1,11.51
6810,3275,-156,0.8366,1095.04,23.00,1,11.51
6860,3257,0,0.8364,1095.02,23.00,1,11.51
6910,3255,0,0.8367,1095.05,23.01,1,11.51
6960,3257,0,0.8366,1095.04,23.00,1,11.51
7010,3254,153,0.8364,1095.02,23.01,1,11.51
7060,3259,153,0.8368,1095.06,23.00,1,11.51
7110,3249,154,0.8365,1095.03,23.00,1,11.50
7160,3272,153,0.8365,1095.03,23.00,1,11.51
7210,3284,153,0.8365,1095.03,23.00,1,11.51
7260,3294,0,0.8362,1095.00,23.00,1,11.51
7310,3293,0,0.8363,1095.01,23.00,1,11.51
7360,3287,-154,0.8363,1095.01,23.00,1,11.50
7410,3294,-166,0.8361,1094.99,23.00,1,11.51
7460,3271,-166,0.8365,1095.03,23.00,1,11.51
7510,3274,-166,0.8360,1094.98,23.00,1,11.51
7560,3243,-166,0.8356,1094.94,23.00,1,11.51
7610,3251,-162,0.8358,1094.96,23.00,1,11.50
7660,3238,-162,0.8356,1094.94,23.00,1,11.50
7710,3229,-158,0.8357,1094.95,23.00,1,11.51
7760,3206,-158,0.8355,1094.93,23.01,1,11.50
7810,3218,-153,0.8354,1094.92,23.00,1,11.50
7860,3186,-153,0.8355,1094.93,23.00,1,11.50
7910,3196,-151,0.8351,1094.90,23.00,1,11.50
7960,3172,-151,0.8357,1094.95,23.01,1,11.51
8010,3160,153,0.8349,1094.88,23.00,1,11.50
8060,3165,153,0.8356,1094.94,23.00,1,11.50
8110,3163,160,0.8357,1094.95,23.01,1,11.51
8160,3189,159,0.8352,1094.91,23.00,1,11.51
8210,3187,159,0.8356,1094.94,23.00,1,11.51
8260,3212,154,0.8356,1094.94,23.00,1,11.51
8310,3215,154,0.8357,1094.95,23.01,1,11.51
8360,3228,0,0.8358,1094.96,23.00,1,11.51
8410,3232,-163,0.8351,1094.90,23.01,1,11.51
8460,3230,-163,0.8350,1094.89,23.00,1,11.51
8510,3221,-166,0.8357,1094.95,23.00,1,11.51
8560,3199,-166,0.8352,1094.91,23.01,1,11.51
8610,3201,-164,0.8355,1094.93,23.00,1,11.51
8660,3180,-160,0.8354,1094.92,23.00,1,11.51
8710,3176,-160,0.8348,1094.87,23.00,1,11.50
8760,3141,-156,0.8352,1094.91,23.00,1,11.51
8810,3162,-156,0.8356,1094.94,23.01,1,11.50
8860,3139,152,0.8354,1094.92,23.00,1,11.51
8910,3145,152,0.8355,1094.93,23.00,1,11.51
8960,3144,152,0.8357,1094.95,23.00,1,11.51
9010,3153,152,0.8356,1094.94,23.00,1,11.51
9060,3176,151,0.8354,1094.92,23.00,1,11.51
9110,3181,-151,0.8356,1094.94,23.00,1,11.51
9160,3174,-151,0.8351,1094.90,23.00,1,11.51
9210,3195,-156,0.8352,1094.91,23.00,1,11.51
9260,3164,-156,0.8358,1094.96,23.00,1,11.51
9310,3164,-159,0.8352,1094.91,23.00,1,11.51
9360,3134,-159,0.8355,1094.93,23.00,1,11.51
9410,3146,-165,0.8354,1094.92,23.00,1,11.51
9460,3170,-165,0.8351,1094.90,23.01,1,11.51
9510,3124,-161,0.8360,1094.98,23.00,1,11.51
9560,3106,-161,0.8355,1094.93,23.00,1,11.51
9610,3098,-157,0.8356,1094.94,23.00,1,11.51
9660,3075,-153,0.8357,1094.95,23.00,1,11.51
9710,3070,-153,0.8355,1094.93,23.00,1,11.51
9760,3067,153,0.8352,1094.91,23.01,1,11.50
9810,3069,153,0.8354,1094.92,23.00,1,11.51
9860,3073,154,0.8354,1094.92,23.00,1,11.51
9910,3089,154,0.8355,1094.93,23.00,1,11.51
9960,3103,154,0.8352,1094.91,23.01,1,11.51
10010,3103,0,0.8355,1094.93,23.01,1,11.51
10060,3104,0,0.8347,1094.86,23.00,1,11.51
10110,3108,-153,0.8349,1094.88,23.00,1,11.50
10160,3109,-153,0.8359,1094.97,23.00,1,11.51
10210,3128,-153,0.8348,1094.87,23.00,1,11.50
10260,3086,-154,0.8355,1094.93,23.00,1,11.51
10310,3078,-154,0.8347,1094.86,23.00,1,11.51
10360,3073,0,0.8348,1094.87,23.00,1,11.51
10410,3072,0,0.8350,1094.89,23.01,1,11.51
10460,3074,-159,0.8355,1094.93,23.00,1,11.51
10510,3076,-159,0.8346,1094.85,23.00,1,11.51
10560,3053,-159,0.8351,1094.90,23.01,1,11.51
10610,3057,-159,0.8354,1094.92,23.00,1,11.51
10660,3043,-155,0.8349,1094.88,23.00,1,11.50
10710,3041,-155,0.8356,1094.94,23.01,1,11.51
10760,3024,-153,0.8346,1094.85,23.00,1,11.51
10810,3029,-153,0.8354,1094.92,23.00,1,11.51
10860,3013,151,0.8354,1094.92,23.01,1,11.50
10910,3016,0,0.8348,1094.87,23.00,1,11.51
10960,3016,0,0.8348,1094.87,23.00,1,11.51
11010,3026,152,0.8354,1094.92,23.00,1,11.51
11060,3019,152,0.8344,1094.83,23.00,1,11.51
11110,3021,0,0.8348,1094.87,23.00,1,11.51
11160,3023,0,0.8354,1094.92,23.01,1,11.51
11210,3034,151,0.8345,1094.84,23.00,1,11.51
11260,3033,151,0.8348,1094.87,23.00,1,11.51
11310,3041,-151,0.8356,1094.94,23.00,1,11.50
11360,3031,-151,0.8343,1094.82,23.00,1,11.50
11410,3043,-151,0.8351,1094.90,23.00,1,11.51
11460,3029,-163,0.8356,1094.94,23.00,1,11.51
11510,3025,-163,0.8345,1094.84,23.00,1,11.51
11560,3014,-162,0.8352,1094.91,23.00,1,11.51
11610,2985,-162,0.8354,1094.92,23.00,1,11.51
11660,2988,-162,0.8347,1094.86,23.01,1,11.51
11710,3000,-154,0.8356,1094.94,23.00,1,11.51
11760,2968,-154,0.8350,1094.89,23.00,1,11.51
11810,2969,-157,0.8344,1094.83,23.00,1,11.50
11860,2953,0,0.8348,1094.87,23.00,1,11.51
11910,2952,0,0.8350,1094.89,23.00,1,11.51
11960,2961,152,0.8347,1094.86,23.00,1,11.51
12010,2955,152,0.8351,1094.90,23.00,1,11.51
12061,2955,151,0.8341,1094.80,23.00,1,11.51
12110,2961,151,0.8341,1094.80,23.00,1,11.51
12160,2987,152,0.8347,1094.86,23.00,1,11.51
12210,2986,152,0.8347,1094.86,23.00,1,11.51
12260,3001,-154,0.8343,1094.82,23.00,1,11.51
12310,3016,-154,0.8348,1094.87,23.00,1,11.51
12360,2983,-157,0.8345,1094.84,23.00,1,11.51
12410,2993,-157,0.8343,1094.82,23.00,1,11.51
12460,2987,-165,0.8347,1094.86,23.00,1,11.51
12510,2973,-165,0.8346,1094.85,23.00,1,11.51
12560,2962,-166,0.8347,1094.86,23.00,1,11.51
12610,2960,-163,0.8345,1094.84,23.00,1,11.51
12660,2939,-163,0.8348,1094.87,23.00,1,11.51
12710,2935,-161,0.8348,1094.87,23.00,1,11.51
12760,2908,-161,0.8345,1094.84,23.01,1,11.51
12810,2922,-156,0.8349,1094.88,23.00,1,11.51
12860,2885,-156,0.8342,1094.81,23.01,1,11.50
12910,2907,-154,0.8348,1094.87,23.00,1,11.51
12960,2880,-154,0.8348,1094.87,23.01,1,11.51
13010,2881,-151,0.8346,1094.85,23.00,1,11.51
13060,2874,-151,0.8340,1094.79,23.00,1,11.51
13110,2871,155,0.8347,1094.86,23.00,1,11.50
13160,2867,155,0.8348,1094.87,23.00,1,11.51
13210,2871,156,0.8343,1094.82,23.00,1,11.51
13260,2897,156,0.8349,1094.88,23.00,1,11.51
13310,2891,156,0.8345,1094.84,23.00,1,11.51
13360,2912,156,0.8340,1094.79,23.00,1,11.51
13410,2934,-159,0.8341,1094.80,23.00,1,11.51
13460,2926,-159,0.8345,1094.84,23.00,1,11.51
13510,2932,-168,0.8340,1094.79,23.00,1,11.51
13560,2910,-168,0.8349,1094.88,23.00,1,11.51
13610,2911,-167,0.8343,1094.82,23.00,1,11.50
13660,2885,-163,0.8343,1094.82,23.00,1,11.51
13710,2882,-163,0.8344,1094.83,23.00,1,11.50
13760,2872,-158,0.8340,1094.79,23.00,1,11.51
13810,2865,-158,0.8341,1094.80,23.00,1,11.51
13860,2845,-156,0.8346,1094.85,23.00,1,11.51
13910,2836,-156,0.8346,1094.85,23.00,1,11.51
13960,2840,0,0.8336,1094.75,23.00,1,11.51
14010,2839,0,0.8340,1094.79,23.00,1,11.51
14062,2842,151,0.8346,1094.85,23.00,1,11.51
14111,2836,151,0.8336,1094.75,23.00,1,11.51
14161,2843,0,0.8344,1094.83,23.01,1,11.51
14211,2844,0,0.8348,1094.87,23.00,1,11.51
14261,2845,0,0.8337,1094.76,23.00,1,11.51
14311,2845,0,0.8344,1094.83,23.00,1,11.51
14361,2845,0,0.8342,1094.81,23.00,1,11.51
14411,2849,-162,0.8338,1094.77,23.00,1,11.51
14461,2839,-162,0.8343,1094.82,23.00,1,11.51
14511,2846,-163,0.8344,1094.83,23.00,1,11.51
14561,2830,-163,0.8341,1094.80,23.00,1,11.51
14611,2826,-163,0.8338,1094.77,23.00,1,11.51
14661,2792,-160,0.8345,1094.84,23.00,1,11.51
14711,2818,-160,0.8341,1094.80,23.00,1,11.51
14761,2789,-152,0.8343,1094.82,23.00,1,11.51
14811,2782,-152,0.8346,1094.85,23.00,1,11.51
14861,2763,-152,0.8340,1094.79,23.01,1,11.51
14911,2765,0,0.8338,1094.77,23.00,1,11.51
14961,2764,0,0.8344,1094.83,23.00,1,11.51
15011,2771,153,0.8340,1094.79,23.00,1,11.51
15061,2773,153,0.8342,1094.81,23.00,1,11.51
15111,2771,152,0.8346,1094.85,23.00,1,11.51
15161,2786,152,0.8339,1094.78,23.00,1,11.51
15211,2788,152,0.8339,1094.78,23.01,1,11.51
15261,2818,152,0.8346,1094.85,23.01,1,11.50
15311,2815,-151,0.8341,1094.80,23.01,1,11.51
15361,2824,-157,0.8337,1094.76,23.00,1,11.51
15411,2835,-157,0.8346,1094.85,23.00,1,11.51
15461,2814,-170,0.8341,1094.80,23.00,1,11.51
15511,2812,-170,0.8333,1094.72,23.00,1,11.51
15561,2793,-168,0.8338,1094.77,23.00,1,11.51
15611,2782,-168,0.8340,1094.79,23.00,1,11.50
15661,2772,-164,0.8342,1094.81,23.00,1,11.51
15711,2768,-162,0.8337,1094.76,23.00,1,11.50
15761,2733,-162,0.8336,1094.75,23.00,1,11.51
15811,2733,-159,0.8340,1094.79,23.00,1,11.50
15861,2732,-159,0.8339,1094.78,23.00,1,11.50
15911,2729,-153,0.8337,1094.76,23.00,1,11.51
15961,2707,-153,0.8337,1094.76,23.00,1,11.51
16011,2705,-152,0.8337,1094.76,23.00,1,11.51
16063,2694,-152,0.8335,1094.74,23.00,1,11.50
16112,2703,153,0.8340,1094.79,23.00,1,11.50
16162,2700,153,0.8337,1094.76,23.00,1,11.51
16212,2695,153,0.8339,1094.78,23.00,1,11.51
16262,2723,153,0.8341,1094.80,23.00,1,11.51
16312,2710,155,0.8329,1094.68,23.00,1,11.51
16362,2741,155,0.8338,1094.77,23.00,1,11.51
16412,2759,-160,0.8341,1094.80,23.00,1,11.50
16462,2758,-160,0.8330,1094.69,23.00,1,11.50
16512,2741,-170,0.8341,1094.80,23.00,1,11.50
16562,2740,-170,0.8336,1094.75,23.00,1,11.50
16612,2727,-166,0.8327,1094.66,23.00,1,11.51
16662,2674,-166,0.8341,1094.80,23.00,1,11.51
16712,2715,-166,0.8337,1094.76,23.00,1,11.51
16762,2687,-153,0.8330,1094.69,23.00,1,11.51
16812,2689,-161,0.8339,1094.78,23.00,1,11.51
16862,2668,-161,0.8338,1094.77,23.00,1,11.51
16912,2681,-156,0.8330,1094.69,23.00,1,11.51
16962,2658,-156,0.8340,1094.79,23.00,1,11.51
17012,2643,-154,0.8337,1094.76,23.00,1,11.51
17062,2641,-154,0.8328,1094.67,23.00,1,11.51
17112,2642,153,0.8340,1094.79,23.00,1,11.51
17162,2643,153,0.8341,1094.80,23.00,1,11.51
17212,2637,153,0.8330,1094.69,23.00,1,11.50
17262,2669,153,0.8338,1094.77,23.00,1,11.51
17312,2667,153,0.8339,1094.78,23.00,1,11.51
17362,2683,-152,0.8328,1094.67,23.00,1,11.51
17412,2700,-152,0.8340,1094.79,23.00,1,11.51
17462,2684,-167,0.8339,1094.78,23.00,1,11.51
17512,2686,-167,0.8328,1094.67,23.00,1,11.50
17562,2658,-167,0.8336,1094.75,23.00,1,11.50
17612,2655,-167,0.8339,1094.78,23.00,1,11.51
17662,2640,-162,0.8334,1094.73,23.00,1,11.51
17712,2639,-162,0.8334,1094.73,23.00,1,11.51
17762,2602,-158,0.8336,1094.75,23.00,1,11.51
17812,2619,-158,0.8332,1094.71,23.00,1,11.51
17862,2610,-151,0.8329,1094.68,23.00,1,11.51
17912,2598,-151,0.8334,1094.73,23.00,1,11.51
17962,2579,-153,0.8332,1094.71,23.00,1,11.51
18012,2600,-153,0.8331,1094.70,23.00,1,11.51
18064,2593,154,0.8333,1094.72,23.00,1,11.51
18113,2584,154,0.8335,1094.74,23.00,1,11.51
18163,2596,151,0.8335,1094.74,23.00,1,11.51
18213,2598,151,0.8330,1094.69,23.00,1,11.51
18263,2619,0,0.8338,1094.77,23.00,1,11.51
18313,2621,0,0.8330,1094.69,23.00,1,11.51
18363,2620,-154,0.8332,1094.71,23.00,1,11.51
18413,2625,-154,0.8335,1094.74,23.00,1,11.51
18463,2618,157,0.8328,1094.67,23.00,1,11.51
18513,2620,157,0.8331,1094.70,23.00,1,11.51
18563,2633,158,0.8339,1094.78,23.00,1,11.51
18613,2629,158,0.8328,1094.67,23.00,1,11.51
18663,2659,155,0.8328,1094.67,23.00,1,11.51
18713,2655,155,0.8335,1094.74,23.00,1,11.51
18763,2682,0,0.8326,1094.65,23.00,1,11.51
18813,2685,0,0.8333,1094.72,23.00,1,11.51
18863,2671,-155,0.8333,1094.72,23.00,1,11.51
18913,2701,-155,0.8330,1094.69,23.00,1,11.50
18963,2679,-152,0.8331,1094.70,23.00,1,11.51
19013,2683,-152,0.8339,1094.78,23.00,1,11.51
19063,2668,-154,0.8334,1094.73,23.00,1,11.51
19113,2676,-155,0.8326,1094.65,23.00,1,11.51
19163,2639,-155,0.8338,1094.77,23.00,1,11.51
19213,2659,-153,0.8331,1094.70,23.00,1,11.51
19263,2628,-153,0.8324,1094.63,23.00,1,11.51
19313,2636,0,0.8337,1094.76,23.00,1,11.51
19363,2636,0,0.8331,1094.70,23.00,1,11.51
19413,2637,166,0.8325,1094.64,23.00,1,11.51
19463,2640,166,0.8335,1094.74,23.00,1,11.51
19513,2653,166,0.8332,1094.71,23.00,1,11.51
19563,2674,166,0.8327,1094.66,23.00,1,11.50
19613,2677,166,0.8337,1094.76,23.00,1,11.51
19663,2703,159,0.8329,1094.68,23.00,1,11.51
19713,2702,159,0.8328,1094.67,23.00,1,11.51
19763,2746,153,0.8335,1094.74,23.00,1,11.51
19813,2753,153,0.8334,1094.73,23.00,1,11.50
19863,2773,153,0.8329,1094.68,23.00,1,11.51
19913,2785,-156,0.8337,1094.76,23.00,1,11.50
19963,2769,-156,0.8331,1094.70,23.00,1,11.51
20013,2778,-163,0.8328,1094.67,23.00,1,11.50
20065,2742,-163,0.8338,1094.77,23.00,1,11.51
20114,2753,-161,0.8337,1094.76,23.00,1,11.51
20164,2754,-161,0.8332,1094.71,23.00,1,11.50
20214,2750,-156,0.8333,1094.72,23.00,1,11.51
20264,2739,-156,0.8339,1094.78,23.00,1,11.51
20314,2717,-156,0.8333,1094.72,23.00,1,11.51
20364,2706,-156,0.8334,1094.73,23.00,1,11.50
20414,2709,-161,0.8337,1094.76,23.00,1,11.51
20464,2690,-161,0.8334,1094.73,23.00,1,11.51
20514,2698,-160,0.8335,1094.74,23.00,1,11.51
20564,2695,-156,0.8336,1094.75,23.00,1,11.51
20614,2671,-156,0.8329,1094.68,23.00,1,11.51
20664,2653,-157,0.8331,1094.70,23.00,1,11.51
20714,2664,-157,0.8334,1094.73,23.00,1,11.51
20764,2649,151,0.8331,1094.70,23.00,1,11.51
20814,2658,-151,0.8336,1094.75,23.00,1,11.51
20864,2651,-151,0.8334,1094.73,23.01,1,11.51
20914,2649,0,0.8332,1094.71,23.01,1,11.51
20964,2649,0,0.8333,1094.72,23.00,1,11.51
21014,2655,152,0.8335,1094.74,23.00,1,11.51
21064,2652,152,0.8334,1094.73,23.00,1,11.50
21114,2647,152,0.8331,1094.70,23.00,1,11.51
21164,2671,151,0.8337,1094.76,23.00,1,11.51
21214,2666,151,0.8333,1094.72,23.00,1,11.51
21264,2690,-152,0.8328,1094.67,23.00,1,11.51
21314,2708,-151,0.8334,1094.73,23.00,1,11.51
21364,2685,-151,0.8334,1094.73,23.00,1,11.51
21414,2681,-172,0.8330,1094.69,23.00,1,11.51
21464,2661,-172,0.8330,1094.69,23.00,1,11.51
21514,2661,-166,0.8334,1094.73,23.00,1,11.51
21564,2633,-166,0.8323,1094.62,23.00,1,11.51
21614,2647,-163,0.8336,1094.75,23.00,1,11.51
21664,2632,-163,0.8331,1094.70,23.00,1,11.51
21714,2627,-160,0.8327,1094.66,23.00,1,11.50
21764,2620,-160,0.8332,1094.71,23.00,1,11.51
21814,2618,-156,0.8332,1094.71,23.00,1,11.51
21864,2597,-156,0.8327,1094.66,23.00,1,11.51
21914,2601,-154,0.8327,1094.66,23.00,1,11.51
21964,2583,-154,0.8336,1094.75,23.00,1,11.51
22014,2584,-151,0.8333,1094.72,23.00,1,11.51
22066,2562,-151,0.8327,1094.66,23.00,1,11.51
22115,2569,153,0.8333,1094.72,23.00,1,11.51
22165,2574,153,0.8333,1094.72,23.00,1,11.51
22215,2573,155,0.8325,1094.64,23.00,1,11.51
22265,2593,155,0.8333,1094.72,23.00,1,11.51
22315,2596,155,0.8332,1094.71,23.00,1,11.51
22365,2621,155,0.8327,1094.66,23.00,1,11.51
22415,2618,162,0.8339,1094.78,23.00,1,11.51
22465,2654,162,0.8335,1094.74,23.00,1,11.51
22515,2657,158,0.8327,1094.66,23.00,1,11.51
22565,2678,151,0.8332,1094.71,23.00,1,11.51
22615,2680,151,0.8331,1094.70,23.00,1,11.51
22665,2693,-154,0.8326,1094.65,23.00,1,11.51
22715,2711,-154,0.8335,1094.74,23.00,1,11.51
22765,2695,-157,0.8331,1094.70,23.00,1,11.51
22815,2702,-157,0.8329,1094.68,23.00,1,11.51
22865,2680,-157,0.8330,1094.69,23.00,1,11.51
22915,2687,-159,0.8335,1094.74,23.00,1,11.51
22965,2660,-159,0.8327,1094.66,23.00,1,11.51
23015,2722,-156,0.8333,1094.72,23.00,1,11.51
23065,2662,0,0.8335,1094.74,23.00,1,11.54
23115,2663,0,0.8333,1094.72,23.00,1,11.51
23165,2665,-151,0.8332,1094.71,23.00,1,11.51
23215,2660,-151,0.8330,1094.69,23.00,1,11.51
23265,2655,-151,0.8334,1094.73,23.00,1,11.51
23315,2646,-151,0.8329,1094.68,23.00,1,11.51
23365,2641,151,0.8332,1094.71,23.00,1,11.50
23415,2644,151,0.8330,1094.69,23.00,1,11.51
23465,2657,-159,0.8327,1094.66,23.00,1,11.51
23515,2656,-159,0.8338,1094.77,23.00,1,11.51
23565,2629,-159,0.8336,1094.75,23.00,1,11.51
23615,2648,-162,0.8332,1094.71,23.00,1,11.51
23665,2622,-162,0.8335,1094.74,23.00,1,11.51
23715,2630,-160,0.8330,1094.69,23.00,1,11.51
23765,2615,-160,0.8335,1094.74,23.00,1,11.51
23815,2608,-156,0.8336,1094.75,23.00,1,11.51
23865,2595,-156,0.8332,1094.71,23.01,1,11.51
23915,2589,-152,0.8326,1094.65,23.00,1,11.51
23965,2568,-152,0.8333,1094.72,23.00,1,11.51
24015,2584,152,0.8330,1094.69,23.00,1,11.51
24067,2585,152,0.8328,1094.67,23.00,1,11.51
24116,2579,153,0.8338,1094.77,23.00,1,11.51
24166,2602,153,0.8333,1094.72,23.00,1,11.51
24216,2608,154,0.8326,1094.65,23.00,1,11.51
24266,2601,-151,0.8336,1094.75,23.00,1,11.51
24316,2638,-151,0.8328,1094.67,23.00,1,11.51
24366,2617,-151,0.8331,1094.70,23.00,1,11.51
24416,2628,-151,0.8331,1094.70,23.00,1,11.51
24466,2617,-166,0.8323,1094.62,23.00,1,11.51
24516,2615,-168,0.8328,1094.67,23.00,1,11.51
24566,2593,-168,0.8331,1094.70,23.00,1,11.51
24616,2561,-166,0.8329,1094.68,23.00,1,11.51
24666,2573,-166,0.8330,1094.69,23.00,1,11.51
24716,2568,-155,0.8326,1094.65,23.00,1,11.51
24766,2546,-157,0.8330,1094.69,23.00,1,11.51
24816,2553,-157,0.8333,1094.72,23.00,1,11.51
24866,2530,-152,0.8328,1094.67,23.00,1,11.51
24916,2546,-152,0.8333,1094.72,23.00,1,11.51
24966,2529,151,0.8326,1094.65,23.00,1,11.51
25016,2538,-152,0.8329,1094.68,23.00,1,11.50
25066,2530,-152,0.8332,1094.71,23.00,1,11.50
25116,2524,0,0.8324,1094.63,23.00,1,11.51
25166,2524,0,0.8328,1094.67,23.00,1,11.51
25216,2530,152,0.8330,1094.69,23.00,1,11.51
25266,2532,152,0.8323,1094.62,23.00,1,11.51
25316,2533,151,0.8330,1094.69,23.00,1,11.51
25366,2549,151,0.8331,1094.70,23.00,1,11.51
25416,2553,162,0.8329,1094.68,23.00,1,11.51
25466,2585,162,0.8327,1094.66,23.01,1,11.50
25516,2596,159,0.8326,1094.65,23.00,1,11.51
25566,2617,152,0.8328,1094.67,23.00,1,11.51
25616,2610,152,0.8326,1094.65,23.00,1,11.51
25666,2625,-154,0.8332,1094.71,23.00,1,11.50
25716,2637,-154,0.8330,1094.69,23.00,1,11.51
25766,2626,-155,0.8325,1094.64,23.00,1,11.50
25816,2638,-155,0.8331,1094.70,23.01,1,11.51
25866,2612,-156,0.8330,1094.69,23.01,1,11.51
25916,2615,-156,0.8329,1094.68,23.00,1,11.51
25966,2604,-153,0.8332,1094.71,23.00,1,11.51
26016,2616,-154,0.8326,1094.65,23.00,1,11.51
26068,2591,-154,0.8331,1094.70,23.00,1,11.51
26117,2590,-154,0.8330,1094.69,23.00,1,11.50
26167,2583,-154,0.8331,1094.70,23.00,1,11.51
26217,2584,151,0.8333,1094.72,23.00,1,11.50
26267,2584,153,0.8326,1094.65,23.00,1,11.51
26317,2575,153,0.8330,1094.69,23.01,1,11.51
26367,2608,153,0.8329,1094.68,23.00,1,11.51
26417,2609,153,0.8327,1094.66,23.00,1,11.51
26467,2629,160,0.8332,1094.71,23.00,1,11.51
26517,2618,160,0.8329,1094.68,23.00,1,11.51
26567,2650,160,0.8326,1094.65,23.00,1,11.51
26617,2654,158,0.8333,1094.72,23.00,1,11.51
26667,2688,152,0.8333,1094.72,23.00,1,11.51
26717,2699,152,0.8328,1094.67,23.00,1,11.50
26767,2711,-156,0.8331,1094.70,23.00,1,11.50
26817,2717,-158,0.8329,1094.68,23.00,1,11.51
26867,2686,-158,0.8328,1094.67,23.00,1,11.51
26917,2711,-161,0.8334,1094.73,23.00,1,11.51
26967,2678,-161,0.8335,1094.74,23.00,1,11.51
27017,2686,-160,0.8325,1094.64,23.00,1,11.50
27067,2667,-160,0.8332,1094.71,23.00,1,11.51
27117,2665,-155,0.8332,1094.71,23.00,1,11.51
27167,2648,-155,0.8328,1094.67,23.00,1,11.51
27217,2650,-151,0.8332,1094.71,23.00,1,11.51
27267,2640,152,0.8334,1094.73,23.00,1,11.50
27317,2642,152,0.8329,1094.68,23.00,1,11.51
27367,2654,154,0.8331,1094.70,23.00,1,11.51
27417,2648,154,0.8333,1094.72,23.00,1,11.51
27467,2667,-161,0.8330,1094.69,23.00,1,11.51
27517,2678,-160,0.8332,1094.71,23.00,1,11.51
27567,2660,-160,0.8333,1094.72,23.00,1,11.51
27617,2660,-166,0.8327,1094.66,23.00,1,11.51
27667,2650,-166,0.8329,1094.68,23.00,1,11.50
27717,2643,-162,0.8335,1094.74,23.00,1,11.50
27767,2639,-160,0.8330,1094.69,23.00,1,11.51
27817,2624,-160,0.8334,1094.73,23.00,1,11.51
27867,2615,-158,0.8328,1094.67,23.00,1,11.51
27917,2618,-158,0.8329,1094.68,23.00,1,11.51
27967,2599,-154,0.8332,1094.71,23.00,1,11.51
28017,2601,-154,0.8330,1094.69,23.00,1,11.51
28069,2589,0,0.8328,1094.67,23.00,1,11.51
28118,2589,0,0.8329,1094.68,23.00,1,11.51
28168,2597,152,0.8327,1094.66,23.00,1,11.51
28218,2592,152,0.8330,1094.69,23.00,1,11.50
28268,2600,0,0.8324,1094.63,23.00,1,11.51
28318,2602,0,0.8334,1094.73,23.00,1,11.51
28368,2586,-151,0.8331,1094.70,23.00,1,11.51
28418,2605,-151,0.8322,1094.61,23.00,1,11.51
28468,2598,164,0.8338,1094.77,23.00,1,11.51
28518,2603,160,0.8331,1094.70,23.00,1,11.51
28568,2619,160,0.8329,1094.68,23.00,1,11.51
28618,2603,161,0.8335,1094.74,23.00,1,11.51
28668,2639,161,0.8328,1094.67,23.00,1,11.51
28718,2634,161,0.8329,1094.68,23.00,1,11.51
28768,2677,154,0.8331,1094.70,23.00,1,11.50
28818,2677,154,0.8330,1094.69,23.00,1,11.51
28868,2670,-154,0.8331,1094.70,23.00,1,11.51
28918,2702,-154,0.8328,1094.67,23.00,1,11.50
28968,2688,-152,0.8329,1094.68,23.00,1,11.51
29018,2702,-159,0.8329,1094.68,23.00,1,11.50
29068,2668,-159,0.8330,1094.69,23.00,1,11.51
29118,2676,-159,0.8332,1094.71,23.00,1,11.50
29168,2659,-159,0.8326,1094.65,23.00,1,11.51
29218,2656,-153,0.8332,1094.71,23.00,1,11.51
29268,2649,0,0.8328,1094.67,23.00,1,11.51
29318,2649,0,0.8327,1094.66,23.00,1,11.51
29368,2654,152,0.8332,1094.71,23.00,1,11.51
29418,2651,152,0.8333,1094.72,23.00,1,11.51
29468,2658,-161,0.8329,1094.68,23.00,1,11.50
29518,2662,-161,0.8333,1094.72,23.00,1,11.50
29568,2653,-161,0.8329,1094.68,23.00,1,11.51
29618,2650,-163,0.8332,1094.71,23.00,1,11.50
29668,2625,-163,0.8332,1094.71,23.00,1,11.51
29718,2629,-160,0.8333,1094.72,23.00,1,11.51
29768,2608,-155,0.8334,1094.73,23.00,1,11.51
29818,2611,-155,0.8326,1094.65,23.00,1,11.51
29868,2604,-152,0.8331,1094.70,23.00,1,11.51
29918,2601,-152,0.8335,1094.74,23.01,1,11.51
29968,2590,-151,0.8333,1094.72,23.00,1,11.51
30018,2597,-151,0.8332,1094.71,23.00,1,11.51
30070,2599,151,0.8329,1094.68,22.99,1,11.51
30119,2577,151,0.8326,1094.65,23.00,1,11.51
30169,2588,0,0.8336,1094.75,23.00,1,11.51
30219,2592,154,0.8331,1094.70,23.00,1,11.51
30269,2591,154,0.8329,1094.68,23.00,1,11.51
30319,2610,151,0.8330,1094.69,23.00,1,11.51
30369,2629,151,0.8331,1094.70,23.00,1,11.51
30419,2628,-165,0.8327,1094.66,23.00,1,11.50
30469,2631,-168,0.8331,1094.70,23.00,1,11.51
30519,2629,-168,0.8330,1094.69,23.00,1,11.51
30569,2613,-169,0.8326,1094.65,23.00,1,11.51
30619,2602,-169,0.8327,1094.66,23.00,1,11.50
30669,2589,-165,0.8327,1094.66,23.00,1,11.51
30719,2593,-165,0.8334,1094.73,23.00,1,11.51
30769,2578,-160,0.8325,1094.64,23.00,1,11.51
30819,2550,-160,0.8331,1094.70,23.00,1,11.51
30869,2549,-158,0.8329,1094.68,23.00,1,11.51
30919,2553,-158,0.8322,1094.61,23.00,1,11.51
30969,2533,-153,0.8331,1094.70,23.00,1,11.50
31019,2539,-153,0.8331,1094.70,23.00,1,11.51
31069,2527,0,0.8322,1094.61,23.00,1,11.51
31119,2525,0,0.8328,1094.67,23.00,1,11.51
31169,2534,152,0.8325,1094.64,23.00,1,11.51
31219,2537,152,0.8325,1094.64,23.00,1,11.51
31269,2538,0,0.8329,1094.68,23.00,1,11.51
31319,2540,0,0.8333,1094.72,23.00,1,11.51
31369,2541,0,0.8327,1094.66,23.00,1,11.51
31419,2542,0,0.8329,1094.68,23.00,1,11.51
31469,2542,-163,0.8331,1094.70,23.00,1,11.50
31519,2545,-163,0.8322,1094.61,23.01,1,11.50
31569,2531,-163,0.8326,1094.65,23.00,1,11.51
31619,2524,-164,0.8333,1094.72,23.00,1,11.51
31669,2514,-164,0.8318,1094.57,23.00,1,11.51
31719,2521,-160,0.8328,1094.67,23.00,1,11.51
31769,2489,-158,0.8327,1094.66,23.00,1,11.51
31819,2497,-158,0.8321,1094.60,23.00,1,11.51
31869,2467,-153,0.8331,1094.70,23.00,1,11.51
31919,2483,-153,0.8323,1094.62,23.00,1,11.51
31969,2471,151,0.8321,1094.60,23.00,1,11.50
32019,2481,-152,0.8328,1094.67,23.00,1,11.50
32071,2469,-152,0.8328,1094.67,23.00,1,11.51
32120,2459,-151,0.8325,1094.64,23.00,1,11.50
32170,2455,-151,0.8326,1094.65,23.00,1,11.51
32220,2461,153,0.8324,1094.63,23.00,1,11.50
32270,2464,153,0.8327,1094.66,23.00,1,11.51
32320,2468,153,0.8320,1094.59,23.00,1,11.50
32370,2481,153,0.8327,1094.66,23.00,1,11.51
32420,2490,-161,0.8324,1094.63,23.00,1,11.51
32470,2483,-161,0.8326,1094.65,23.00,1,11.51
32520,2496,-165,0.8328,1094.67,23.00,1,11.51
32570,2472,-165,0.8324,1094.63,23.00,1,11.51
32620,2473,-166,0.8330,1094.69,23.00,1,11.51
32670,2460,-166,0.8327,1094.66,23.00,1,11.51
32720,2416,-162,0.8321,1094.60,23.00,1,11.51
32770,2431,-159,0.8331,1094.70,23.00,1,11.50
32820,2436,-159,0.8323,1094.62,23.00,1,11.50
32870,2423,-154,0.8325,1094.64,23.00,1,11.51
32920,2425,-154,0.8327,1094.66,23.00,1,11.51
32970,2416,-152,0.8325,1094.64,23.00,1,11.51
33020,2415,-152,0.8322,1094.61,23.00,1,11.51
33070,2393,-152,0.8323,1094.62,23.00,1,11.51
33120,2401,0,0.8321,1094.60,23.00,1,11.51
33170,2401,0,0.8324,1094.63,23.00,1,11.50
33220,2404,152,0.8325,1094.64,23.00,1,11.51
33270,2409,152,0.8323,1094.62,23.00,1,11.51
33320,2417,152,0.8327,1094.66,23.00,1,11.51
33370,2429,152,0.8321,1094.60,23.00,1,11.51
33420,2436,-163,0.8322,1094.61,23.00,1,11.50
33470,2396,-165,0.8328,1094.67,23.00,1,11.50
33520,2435,-165,0.8324,1094.63,23.00,1,11.50
33570,2421,-159,0.8319,1094.58,23.00,1,11.51
33620,2424,-159,0.8323,1094.62,23.00,1,11.50
33670,2409,-164,0.8326,1094.65,23.00,1,11.51
33720,2408,-164,0.8320,1094.59,23.00,1,11.51
33770,2372,-161,0.8325,1094.64,23.00,1,11.51
33820,2374,-161,0.8324,1094.63,23.00,1,11.51
33870,2368,-154,0.8317,1094.56,23.00,1,11.51
33920,2383,-154,0.8322,1094.61,23.00,1,11.50
33970,2360,-153,0.8322,1094.61,23.00,1,11.51
34020,2360,-153,0.8321,1094.60,23.00,1,11.51
34072,2348,-152,0.8324,1094.63,23.00,1,11.51
34121,2349,-152,0.8322,1094.61,23.00,1,11.51
34171,2342,151,0.8318,1094.57,23.00,1,11.51
34221,2348,0,0.8323,1094.62,23.00,1,11.51
34271,2349,0,0.8320,1094.59,23.00,1,11.51
34321,2348,151,0.8322,1094.61,23.00,1,11.51
34371,2356,151,0.8325,1094.64,23.00,1,11.50
34421,2372,-161,0.8322,1094.61,23.00,1,11.51
34471,2362,-163,0.8322,1094.61,23.00,1,11.50
34521,2355,-163,0.8321,1094.60,23.00,1,11.51
34571,2336,-164,0.8319,1094.58,23.00,1,11.51
34621,2346,-164,0.8322,1094.61,23.00,1,11.51
34671,2337,-159,0.8321,1094.60,23.00,1,11.51
34721,2327,-161,0.8314,1094.53,23.00,1,11.51
34771,2313,-161,0.8323,1094.62,23.00,1,11.51
34821,2310,-157,0.8318,1094.57,23.00,1,11.51
34871,2296,-157,0.8319,1094.58,23.00,1,11.50
34921,2297,-154,0.8319,1094.58,23.00,1,11.51
34971,2281,-151,0.8318,1094.57,23.00,1,11.51
35021,2286,-151,0.8319,1094.58,23.00,1,11.50
35071,2274,152,0.8322,1094.61,23.00,1,11.51
35121,2284,152,0.8317,1094.56,23.00,1,11.51
35171,2279,153,0.8321,1094.60,23.00,1,11.51
35221,2287,151,0.8319,1094.58,23.00,1,11.51
35271,2312,151,0.8319,1094.58,23.00,1,11.51
35321,2318,151,0.8316,1094.55,23.01,1,11.51
35371,2342,151,0.8320,1094.59,23.00,1,11.51
35421,2361,156,0.8318,1094.57,23.00,1,11.51
35471,2371,152,0.8320,1094.59,23.00,1,11.50
35521,2366,152,0.8321,1094.60,23.00,1,11.51
35571,2383,-154,0.8319,1094.58,23.00,1,11.51
35621,2395,-154,0.8319,1094.58,23.00,1,11.51
35671,2374,-156,0.8321,1094.60,23.00,1,11.51
35721,2394,-159,0.8316,1094.55,23.00,1,11.51
35771,2365,-159,0.8323,1094.62,23.00,1,11.51
35821,2377,-158,0.8323,1094.62,23.00,1,11.50
35871,2373,-158,0.8318,1094.57,23.00,1,11.51
35921,2373,-155,0.8322,1094.61,23.00,1,11.51
35971,2342,-154,0.8318,1094.57,23.00,1,11.51
36021,2358,-154,0.8319,1094.58,23.01,1,11.51
36073,2353,152,0.8322,1094.61,23.00,1,11.51
36122,2344,152,0.8319,1094.58,23.00,1,11.50
36172,2350,0,0.8318,1094.57,23.00,1,11.51
36222,2364,151,0.8318,1094.57,23.00,1,11.51
36272,2364,151,0.8319,1094.58,23.00,1,11.51
36322,2361,-152,0.8319,1094.58,23.00,1,11.50
36372,2368,-152,0.8320,1094.59,23.00,1,11.51
36422,2375,-164,0.8322,1094.61,23.00,1,11.51
36472,2357,-164,0.8317,1094.56,23.00,1,11.51
36522,2353,-167,0.8316,1094.55,23.00,1,11.51
36572,2339,-167,0.8322,1094.61,23.00,1,11.50
36622,2334,-162,0.8318,1094.57,23.00,1,11.51
36672,2312,-160,0.8316,1094.55,23.00,1,11.51
36722,2324,-160,0.8319,1094.58,23.00,1,11.51
36772,2317,-154,0.8316,1094.55,23.00,1,11.50
36822,2301,-154,0.8321,1094.60,23.00,1,11.51
36872,2282,-155,0.8319,1094.58,23.00,1,11.51
36922,2309,-152,0.8319,1094.58,23.00,1,11.51
36972,2273,-152,0.8317,1094.56,23.00,1,11.51
37022,2278,-154,0.8319,1094.58,23.00,1,11.51
37072,2285,-154,0.8316,1094.55,23.00,1,11.51
37122,2273,152,0.8317,1094.56,23.00,1,11.51
37172,2283,152,0.8322,1094.61,23.00,1,11.51
37222,2282,153,0.8317,1094.56,23.00,1,11.51
37272,2298,153,0.8320,1094.59,23.00,1,11.51
37322,2305,152,0.8322,1094.61,23.00,1,11.51
37372,2322,152,0.8313,1094.52,23.00,1,11.51
37422,2339,-165,0.8317,1094.56,23.00,1,11.50
37472,2333,-165,0.8318,1094.57,23.00,1,11.50
37522,2324,-172,0.8314,1094.53,23.00,1,11.50
37572,2313,-172,0.8322,1094.61,23.00,1,11.51
37622,2309,-169,0.8315,1094.54,23.00,1,11.51
37672,2293,-169,0.8320,1094.59,23.00,1,11.51
37722,2289,-166,0.8317,1094.56,23.00,1,11.51
37772,2272,-166,0.8313,1094.52,23.01,1,11.50
37822,2275,-162,0.8319,1094.58,23.00,1,11.51
37872,2251,-162,0.8316,1094.55,23.01,1,11.51
37922,2238,-159,0.8316,1094.55,23.00,1,11.51
37972,2250,-159,0.8316,1094.55,23.01,1,11.51
38022,2225,-152,0.8320,1094.59,23.01,1,11.51
38074,2232,-152,0.8316,1094.55,23.00,1,11.50
38123,2233,151,0.8314,1094.53,23.00,1,11.50
38173,2236,151,0.8316,1094.55,23.00,1,11.51
38223,2238,-151,0.8313,1094.52,23.00,1,11.51
38273,2234,-151,0.8313,1094.52,23.00,1,11.51
38323,2235,-152,0.8320,1094.59,23.00,1,11.50
38373,2215,-152,0.8310,1094.49,23.00,1,11.51
38423,2232,161,0.8311,1094.50,23.00,1,11.51
38473,2229,165,0.8319,1094.58,23.00,1,11.51
38523,2233,165,0.8309,1094.48,23.00,1,11.51
38573,2257,162,0.8319,1094.58,23.00,1,11.51
38623,2249,162,0.8317,1094.56,23.00,1,11.51
38673,2295,156,0.8307,1094.46,23.00,1,11.51
38723,2306,156,0.8320,1094.59,23.00,1,11.51
38773,2242,-151,0.8314,1094.53,23.00,1,11.50
38823,2319,-151,0.8310,1094.49,23.00,1,11.51
38873,2312,159,0.8318,1094.57,23.00,1,11.51
38923,2314,159,0.8316,1094.55,23.00,1,11.51
38973,2318,-154,0.8312,1094.51,23.00,1,11.51
39023,2331,-155,0.8319,1094.58,23.00,1,11.51
39073,2307,-155,0.8319,1094.58,23.00,1,11.51
39123,2315,-158,0.8314,1094.53,23.00,1,11.51
39173,2305,-153,0.8316,1094.55,23.00,1,11.51
39223,2302,-153,0.8319,1094.58,23.00,1,11.51
39273,2289,-153,0.8315,1094.54,23.00,1,11.51
39323,2298,-153,0.8318,1094.57,23.00,1,11.51
39373,2285,0,0.8319,1094.58,23.00,1,11.51
39423,2286,160,0.8316,1094.55,23.00,1,11.51
39473,2291,160,0.8316,1094.55,23.00,1,11.51
39523,2282,163,0.8315,1094.54,23.00,1,11.51
39573,2321,163,0.8315,1094.54,23.00,1,11.51
39623,2329,164,0.8320,1094.59,23.00,1,11.51
39673,2358,156,0.8315,1094.54,23.00,1,11.51
39723,2349,156,0.8317,1094.56,23.00,1,11.51
39773,2369,-151,0.8315,1094.54,23.00,1,11.51
39823,2375,-151,0.8317,1094.56,23.00,1,11.51
39873,2352,-153,0.8319,1094.58,23.00,1,11.51
39923,2375,-153,0.8318,1094.57,23.01,1,11.51
39973,2361,0,0.8313,1094.52,23.00,1,11.51
40023,2361,0,0.8318,1094.57,23.00,1,11.51
40075,2366,-152,0.8316,1094.55,23.00,1,11.51
40124,2366,-152,0.8315,1094.54,23.00,1,11.51
40174,2351,-153,0.8319,1094.58,23.00,1,11.51
40224,2346,-153,0.8315,1094.54,23.00,1,11.51
40274,2351,-153,0.8316,1094.55,23.00,1,11.51
40324,2339,151,0.8315,1094.54,23.00,1,11.51
40374,2344,0,0.8312,1094.51,23.00,1,11.51
40424,2346,0,0.8312,1094.51,23.00,1,11.51
40474,2351,-161,0.8319,1094.58,23.00,1,11.51
40524,2345,-161,0.8317,1094.56,23.00,1,11.51
40574,2334,-162,0.8312,1094.51,23.00,1,11.50
40624,2316,-162,0.8316,1094.55,23.00,1,11.51
40674,2322,-159,0.8317,1094.56,23.00,1,11.51
40724,2321,-159,0.8316,1094.55,23.00,1,11.51
40774,2310,-156,0.8316,1094.55,23.00,1,11.51
40824,2304,-156,0.8314,1094.53,23.00,1,11.51
40874,2300,-154,0.8316,1094.55,23.00,1,11.51
40924,2283,-154,0.8321,1094.60,23.00,1,11.51
40974,2291,-152,0.8316,1094.55,23.00,1,11.51
41024,2278,-152,0.8311,1094.50,23.00,1,11.50
41074,2275,0,0.8322,1094.61,23.00,1,11.51
41124,2278,0,0.8313,1094.52,23.00,1,11.51
41174,2275,153,0.8313,1094.52,23.00,1,11.51
41224,2281,153,0.8319,1094.58,23.00,1,11.51
41274,2232,153,0.8314,1094.53,23.00,1,11.51
41324,2296,153,0.8318,1094.57,23.00,1,11.51
41374,2302,161,0.8316,1094.55,23.00,1,11.51
41424,2329,-163,0.8312,1094.51,23.00,1,11.50
41474,2323,-163,0.8318,1094.57,23.00,1,11.51
41524,2314,-170,0.8315,1094.54,23.00,1,11.51
41574,2315,-170,0.8313,1094.52,23.00,1,11.51
41624,2295,-167,0.8321,1094.60,23.00,1,11.50
41674,2285,-167,0.8315,1094.54,23.00,1,11.51
41724,2286,-167,0.8316,1094.55,23.00,1,11.51
41774,2265,-161,0.8315,1094.54,23.00,1,11.51
41824,2261,-161,0.8315,1094.54,23.00,1,11.51
41874,2264,-157,0.8313,1094.52,23.00,1,11.51
41924,2243,-156,0.8314,1094.53,23.00,1,11.51
41974,2234,-156,0.8314,1094.53,23.01,1,11.51
42024,2236,-153,0.8317,1094.56,23.00,1,11.51
42076,2242,-153,0.8314,1094.53,23.00,1,11.51
42125,2232,-151,0.8312,1094.51,23.00,1,11.51
42175,2234,-153,0.8317,1094.56,23.00,1,11.51
42225,2220,-153,0.8319,1094.58,23.00,1,11.51
42275,2217,-151,0.8313,1094.52,23.00,1,11.51
42325,2221,-151,0.8314,1094.53,23.00,1,11.50
42375,2218,152,0.8318,1094.57,23.01,1,11.51
42425,2220,152,0.8309,1094.48,23.00,1,11.51
42475,2221,-160,0.8318,1094.57,23.00,1,11.50
42525,2197,-160,0.8317,1094.56,23.00,1,11.50
42575,2217,-161,0.8312,1094.51,23.01,1,11.50
42625,2203,-156,0.8322,1094.61,23.00,1,11.51
42675,2208,-156,0.8313,1094.52,23.00,1,11.50
42725,2197,-157,0.8315,1094.54,23.01,1,11.51
42775,2192,-157,0.8319,1094.58,23.00,1,11.51
42825,2185,-156,0.8316,1094.55,23.00,1,11.51
42875,2192,-156,0.8311,1094.50,23.00,1,11.51
42925,2178,-154,0.8311,1094.50,23.00,1,11.50
42975,2174,-154,0.8313,1094.52,23.00,1,11.50
43025,2153,-152,0.8312,1094.51,23.00,1,11.50
43075,2178,-152,0.8317,1094.56,23.00,1,11.51
43125,2168,153,0.8316,1094.55,23.00,1,11.50
43175,2170,153,0.8310,1094.49,23.00,1,11.51
43225,2174,0,0.8314,1094.53,23.01,1,11.51
43275,2176,0,0.8315,1094.54,23.00,1,11.51
43325,2180,-151,0.8314,1094.53,23.00,1,11.51
43375,2197,-151,0.8311,1094.50,23.00,1,11.51
43425,2176,-165,0.8313,1094.52,23.01,1,11.51
43475,2164,-165,0.8309,1094.48,23.01,1,11.50
43525,2163,-164,0.8314,1094.53,23.01,1,11.50
43575,2138,-164,0.8308,1094.47,23.00,1,11.51
43625,2127,-161,0.8312,1094.51,23.00,1,11.51
43675,2150,-156,0.8310,1094.49,23.00,1,11.51
43725,2135,-156,0.8312,1094.51,23.00,1,11.51
43775,2119,-159,0.8308,1094.47,23.00,1,11.51
43825,2133,-159,0.8311,1094.50,23.00,1,11.51
43875,2119,-153,0.8310,1094.49,23.00,1,11.51
43925,2117,-153,0.8312,1094.51,23.00,1,11.51
43975,2125,-153,0.8307,1094.46,23.00,1,11.51
44025,2109,-153,0.8309,1094.48,23.00,1,11.51
44077,2106,-154,0.8308,1094.47,22.99,1,11.51
44126,2104,-151,0.8306,1094.45,23.00,1,11.51
44176,2100,-151,0.8313,1094.52,23.00,1,11.50
44226,2103,0,0.8308,1094.47,23.00,1,11.51
44276,2101,0,0.8304,1094.43,23.00,1,11.51
44326,2101,0,0.8311,1094.50,23.00,1,11.51
44376,2100,0,0.8309,1094.48,23.00,1,11.50
44426,2098,-161,0.8305,1094.44,23.00,1,11.51
44476,2076,-161,0.8312,1094.51,23.00,1,11.51
44526,2080,-161,0.8309,1094.48,23.00,1,11.51
44576,2084,-156,0.8302,1094.41,23.00,1,11.51
44626,2085,-156,0.8309,1094.48,23.00,1,11.51
44676,2057,-158,0.8310,1094.49,23.00,1,11.50
44726,2070,-158,0.8305,1094.44,23.00,1,11.50
44776,2061,-158,0.8308,1094.47,23.00,1,11.51
44826,2054,-155,0.8310,1094.49,23.01,1,11.51
44876,2064,-153,0.8306,1094.45,23.00,1,11.51
44926,2045,-153,0.8309,1094.48,23.00,1,11.51
44976,2041,-154,0.8307,1094.46,23.00,1,11.50
45026,2052,-154,0.8300,1094.40,23.00,1,11.51
45076,2048,151,0.8309,1094.48,23.01,1,11.50
45126,2040,-152,0.8308,1094.47,23.00,1,11.50
45176,2031,-152,0.8304,1094.43,23.00,1,11.51
45226,2033,151,0.8305,1094.44,23.00,1,11.51
45276,2042,151,0.8307,1094.46,23.00,1,11.51
45326,2036,152,0.8306,1094.45,23.00,1,11.51
45376,2055,0,0.8309,1094.48,23.00,1,11.51
45426,2055,0,0.8306,1094.45,23.00,1,11.51
45476,2068,160,0.8305,1094.44,23.00,1,11.51
45526,2066,160,0.8303,1094.42,23.00,1,11.51
45576,2062,157,0.8308,1094.47,23.00,1,11.50
45626,2087,158,0.8308,1094.47,23.00,1,11.51
45676,2097,158,0.8303,1094.42,23.00,1,11.51
45726,2120,154,0.8310,1094.49,23.00,1,11.51
45776,2126,154,0.8305,1094.44,23.00,1,11.51
45826,2137,-153,0.8302,1094.41,23.00,1,11.50
45876,2134,-154,0.8303,1094.42,23.00,1,11.51
45926,2144,-154,0.8307,1094.46,23.00,1,11.51
45976,2126,-156,0.8308,1094.47,23.00,1,11.51
46026,2119,-156,0.8306,1094.45,23.00,1,11.50
46078,2119,-154,0.8305,1094.44,23.00,1,11.50
46127,2123,-154,0.8305,1094.44,23.00,1,11.50
46177,2096,-153,0.8306,1094.45,23.00,1,11.50
46227,2119,-153,0.8307,1094.46,23.00,1,11.51
46277,2112,152,0.8309,1094.48,23.00,1,11.51
46327,2109,152,0.8304,1094.43,23.00,1,11.50
46377,2116,-151,0.8310,1094.49,23.00,1,11.50
46427,2106,-151,0.8302,1094.41,23.00,1,11.51
46477,2112,-164,0.8305,1094.44,23.00,1,11.51
46527,2107,-164,0.8307,1094.46,23.00,1,11.50
46577,2100,-163,0.8307,1094.46,23.00,1,11.50
46627,2077,-162,0.8305,1094.44,23.00,1,11.51
46677,2088,-162,0.8307,1094.46,23.00,1,11.51
46727,2062,-156,0.8303,1094.42,23.00,1,11.50
46777,2061,-156,0.8310,1094.49,23.00,1,11.51
46827,2060,-153,0.8312,1094.51,23.01,1,11.51
46877,2063,-153,0.8299,1094.39,23.00,1,11.51
46927,2054,-153,0.8310,1094.49,23.00,1,11.50
46977,2059,-154,0.8310,1094.49,23.00,1,11.51
47027,2041,-154,0.8300,1094.40,23.00,1,11.50
47077,2028,-153,0.8308,1094.47,23.00,1,11.51
47127,2036,151,0.8311,1094.50,23.00,1,11.50
47177,2043,151,0.8304,1094.43,23.00,1,11.50
47227,2050,152,0.8304,1094.43,23.00,1,11.50
47277,2056,152,0.8305,1094.44,23.00,1,11.50
47327,2070,-151,0.8306,1094.45,23.00,1,11.50
47377,2068,-151,0.8305,1094.44,23.00,1,11.51
47427,2075,157,0.8305,1094.44,23.01,1,11.50
47477,2076,157,0.8304,1094.43,23.00,1,11.50
47527,2090,157,0.8299,1094.39,23.00,1,11.51
47577,2093,156,0.8306,1094.45,23.00,1,11.50
47627,2114,153,0.8307,1094.46,23.00,1,11.50
47677,2105,153,0.8303,1094.42,23.00,1,11.51
47727,2137,-152,0.8305,1094.44,23.00,1,11.50
47777,2118,-152,0.8299,1094.39,23.00,1,11.50
47827,2121,-156,0.8307,1094.46,23.00,1,11.50
47877,2125,-152,0.8305,1094.44,23.00,1,11.50
47927,2118,-152,0.8303,1094.42,23.00,1,11.50
47977,2113,-154,0.8303,1094.42,23.00,1,11.51
48027,2119,-154,0.8307,1094.46,23.01,1,11.50
48079,2091,-151,0.8305,1094.44,23.00,1,11.51
48128,2108,-151,0.8306,1094.45,23.00,1,11.51
48178,2102,153,0.8306,1094.45,23.00,1,11.50
48228,2105,153,0.8305,1094.44,23.00,1,11.51
48278,2108,151,0.8302,1094.41,23.00,1,11.50
48328,2118,151,0.8300,1094.40,23.00,1,11.51
48378,2133,0,0.8309,1094.48,23.00,1,11.50
48428,2137,0,0.8300,1094.40,23.00,1,11.51
48478,2131,-167,0.8304,1094.43,23.00,1,11.51
48528,2132,-167,0.8306,1094.45,23.00,1,11.51
48578,2124,-167,0.8303,1094.42,23.00,1,11.51
48628,2116,-167,0.8303,1094.42,23.00,1,11.50
48678,2162,-167,0.8310,1094.49,23.01,1,11.50
48728,2080,-164,0.8307,1094.46,23.00,1,11.50
48778,2101,-164,0.8305,1094.44,23.00,1,11.50
48828,2064,-157,0.8305,1094.44,23.00,1,11.50
48878,2066,-161,0.8302,1094.41,23.01,1,11.50
48928,2052,-161,0.8299,1094.39,23.00,1,11.50
48978,2069,-154,0.8309,1094.48,23.00,1,11.50
49028,2056,-154,0.8305,1094.44,23.00,1,11.50
49078,2062,-155,0.8302,1094.41,23.00,1,11.50
49128,2027,-155,0.8306,1094.45,23.00,1,11.51
49178,2050,-153,0.8299,1094.39,23.00,1,11.51
49228,2050,-153,0.8306,1094.45,23.01,1,11.51
49278,2042,-151,0.8311,1094.50,23.00,1,11.51
49328,2024,-151,0.8299,1094.39,23.01,1,11.51
49378,2032,-151,0.8303,1094.42,23.00,1,11.50
49428,2024,-158,0.8306,1094.45,23.00,1,11.50
49478,2014,-160,0.8304,1094.43,23.00,1,11.50
49528,2008,-160,0.8305,1094.44,23.00,1,11.51
49578,2015,-156,0.8304,1094.43,23.00,1,11.51
49628,1995,-155,0.8305,1094.44,23.00,1,11.51
49678,2008,-155,0.8300,1094.40,23.00,1,11.51
49728,1980,-152,0.8304,1094.43,23.00,1,11.51
49778,2000,-152,0.8308,1094.47,23.00,1,11.51
49828,1988,151,0.8298,1094.38,23.00,1,11.50
49878,2002,-153,0.8303,1094.42,23.00,1,11.50
49928,1990,-153,0.8299,1094.39,23.00,1,11.51
49978,1992,-154,0.8304,1094.43,23.00,1,11.51
50028,1978,-154,0.8306,1094.45,23.01,1,11.50
50080,1977,-152,0.8302,1094.41,23.00,1,11.51
50129,1976,151,0.8297,1094.37,23.00,1,11.50
50179,1975,151,0.8304,1094.43,23.00,1,11.50
50229,1989,151,0.8304,1094.43,23.00,1,11.51
50279,1971,151,0.8298,1094.38,23.00,1,11.50
50329,2015,-151,0.8306,1094.45,23.01,1,11.50
50379,2014,152,0.8304,1094.43,23.00,1,11.50
50429,2012,152,0.8302,1094.41,23.01,1,11.51
50479,2022,-168,0.8299,1094.39,23.01,1,11.50
50529,2020,-168,0.8305,1094.44,23.00,1,11.50
50579,2016,-170,0.8300,1094.40,23.00,1,11.50
50629,1999,-170,0.8300,1094.40,23.00,1,11.50
50679,1991,-169,0.8299,1094.39,23.01,1,11.50
50729,1971,-169,0.8302,1094.41,23.00,1,11.50
50779,1939,-164,0.8303,1094.42,23.00,1,11.50
50829,1956,-160,0.8303,1094.42,23.01,1,11.50
50879,1966,-160,0.8302,1094.41,23.00,1,11.50
50929,1950,-157,0.8298,1094.38,23.00,1,11.50
50979,1955,-157,0.8305,1094.44,23.00,1,11.51
51029,1943,-156,0.8298,1094.38,23.00,1,11.50
51079,1945,-157,0.8302,1094.41,23.00,1,11.50
51129,1933,-157,0.8304,1094.43,23.01,1,11.51
51179,1933,-155,0.8299,1094.39,23.00,1,11.50
51229,1923,-155,0.8302,1094.41,23.00,1,11.50
51279,1923,-152,0.8302,1094.41,23.01,1,11.51
51329,1919,0,0.8302,1094.41,23.00,1,11.50
51379,1918,0,0.8298,1094.38,23.00,1,11.51
51429,1921,162,0.8296,1094.36,23.00,1,11.51
51479,1925,163,0.8299,1094.39,23.00,1,11.50
51529,1948,163,0.8303,1094.42,23.00,1,11.50
51579,1941,161,0.8298,1094.38,23.00,1,11.51
51629,1942,157,0.8300,1094.40,23.00,1,11.51
51679,1975,157,0.8302,1094.41,23.00,1,11.51
51729,2003,158,0.8297,1094.37,23.00,1,11.51
51779,2011,158,0.8302,1094.41,23.01,1,11.51
51829,2012,-154,0.8295,1094.35,23.00,1,11.50
51879,2009,-156,0.8298,1094.38,23.01,1,11.50
51929,2026,-156,0.8295,1094.35,23.00,1,11.51
51979,2012,-155,0.8293,1094.33,23.01,1,11.51
52029,2001,-155,0.8293,1094.33,23.00,1,11.50
52081,2004,-156,0.8291,1094.31,23.00,1,11.50
52130,2001,-156,0.8292,1094.32,23.00,1,11.50
52180,1990,-154,0.8291,1094.31,23.00,1,11.51
52230,1997,-154,0.8291,1094.31,23.00,1,11.51
52280,1986,-151,0.8293,1094.33,23.01,1,11.51
52330,1984,-153,0.8287,1094.27,23.01,1,11.51
52380,1988,-153,0.8291,1094.31,23.01,1,11.51
52430,1978,162,0.8290,1094.30,23.01,1,11.51
52480,1977,162,0.8286,1094.26,23.01,1,11.51
52530,1987,163,0.8296,1094.36,23.01,1,11.51
52580,2001,163,0.8284,1094.24,23.00,1,11.51
52630,2043,163,0.8289,1094.29,23.00,1,11.51
52680,2041,158,0.8289,1094.29,23.00,1,11.51
52730,2064,158,0.8285,1094.25,23.01,1,11.51
52780,2063,151,0.8285,1094.25,23.00,1,11.51
52830,2070,151,0.8289,1094.29,23.01,1,11.51
52880,2107,-154,0.8283,1094.23,23.01,1,11.50
52930,2089,-155,0.8284,1094.24,23.00,1,11.50
52980,2105,-155,0.8283,1094.23,23.00,1,11.51
53030,2090,-159,0.8282,1094.22,23.00,1,11.51
53080,2092,-159,0.8277,1094.17,23.01,1,11.51
53130,2091,-159,0.8279,1094.19,23.00,1,11.51
53180,2079,-159,0.8280,1094.20,23.00,1,11.51
53230,2064,-159,0.8279,1094.19,23.00,1,11.51
53280,2065,-159,0.8279,1094.19,23.01,1,11.51
53330,2062,-154,0.8284,1094.24,23.01,1,11.51
53380,2058,-154,0.8278,1094.18,23.00,1,11.51
53430,2045,159,0.8285,1094.25,23.00,1,11.51
53480,2056,159,0.8281,1094.21,23.01,1,11.51
53530,2053,162,0.8278,1094.18,23.00,1,11.50
53580,2067,162,0.8282,1094.22,23.01,1,11.50
53630,2088,160,0.8282,1094.22,23.00,1,11.51
53680,2101,160,0.8280,1094.20,23.01,1,11.51
53730,2106,153,0.8283,1094.23,23.00,1,11.51
53780,2131,153,0.8284,1094.24,23.00,1,11.51
53830,2149,0,0.8281,1094.21,23.00,1,11.51
53880,2152,0,0.8285,1094.25,23.01,1,11.51
53930,2147,-158,0.8288,1094.28,23.00,1,11.51
53980,2161,-158,0.8285,1094.25,23.01,1,11.51
54030,2155,-158,0.8296,1094.36,23.00,1,11.50
54082,2125,-161,0.8308,1094.47,23.00,1,11.51
54131,2135,-161,0.8306,1094.45,23.01,1,11.51
54181,2127,-154,0.8319,1094.58,23.01,1,11.51
54231,2138,-154,0.8315,1094.54,23.00,1,11.51
54281,2129,-154,0.8312,1094.51,23.00,1,11.51
54331,2113,-156,0.8316,1094.55,23.00,1,11.51
54381,2118,-156,0.8319,1094.58,23.00,1,11.51
54431,2105,155,0.8307,1094.46,23.00,1,11.51
54481,2102,155,0.8314,1094.53,23.00,1,11.51
54531,2114,157,0.8311,1094.50,23.00,1,11.51
54581,2108,157,0.8308,1094.47,23.00,1,11.51
54631,2130,157,0.8310,1094.49,23.00,1,11.51
54681,2146,156,0.8317,1094.56,23.01,1,11.51
54731,2167,156,0.8306,1094.45,23.00,1,11.51
54781,2166,-151,0.8306,1094.45,23.01,1,11.50
54831,2175,-151,0.8311,1094.50,23.00,1,11.51
54881,2181,-155,0.8297,1094.37,23.00,1,11.50
54931,2179,-155,0.8306,1094.45,23.00,1,11.51
54981,2170,-158,0.8302,1094.41,23.00,1,11.51
55031,2141,-158,0.8296,1094.36,23.00,1,11.51
55081,2142,-158,0.8299,1094.39,23.01,1,11.51
55131,2152,0,0.8296,1094.36,23.00,1,11.51
55181,2152,0,0.8300,1094.40,23.01,1,11.51
55231,2148,-153,0.8298,1094.38,23.01,1,11.51
55281,2151,-153,0.8297,1094.37,23.01,1,11.50
55331,2138,-152,0.8300,1094.40,23.00,1,11.50
55381,2148,-152,0.8297,1094.37,23.01,1,11.51
55431,2137,157,0.8299,1094.39,23.00,1,11.51
55481,2138,157,0.8300,1094.40,23.01,1,11.50
55531,2147,157,0.8296,1094.36,23.00,1,11.51
55581,2163,157,0.8302,1094.41,23.00,1,11.50
55631,2180,157,0.8302,1094.41,23.00,1,11.51
55681,2183,152,0.8299,1094.39,23.00,1,11.51
55731,2197,152,0.8299,1094.39,23.00,1,11.51
55781,2212,-152,0.8297,1094.37,23.00,1,11.51
55831,2225,-154,0.8299,1094.39,23.00,1,11.51
55881,2211,-154,0.8293,1094.33,23.01,1,11.51
55931,2199,-160,0.8307,1094.46,23.00,1,11.50
55981,2202,-160,0.8296,1094.36,23.00,1,11.51
56031,2189,-155,0.8296,1094.36,23.00,1,11.50
56083,2184,-155,0.8300,1094.40,23.00,1,11.51
56132,2170,-155,0.8296,1094.36,23.00,1,11.50
56182,2183,-152,0.8300,1094.40,23.00,1,11.51
56232,2171,-152,0.8302,1094.41,23.00,1,11.50
56282,2172,-152,0.8300,1094.40,23.01,1,11.51
56332,2165,-152,0.8297,1094.37,23.00,1,11.50
56382,2165,0,0.8306,1094.45,23.01,1,11.51
56432,2165,0,0.8295,1094.35,23.00,1,11.51
56482,2173,160,0.8300,1094.40,23.01,1,11.51
56532,2171,160,0.8302,1094.41,23.00,1,11.51
56582,2176,158,0.8299,1094.39,23.00,1,11.51
56632,2190,158,0.8296,1094.36,23.01,1,11.51
56682,2196,158,0.8302,1094.41,23.01,1,11.51
56732,2207,158,0.8297,1094.37,23.00,1,11.51
56782,2227,154,0.8297,1094.37,23.01,1,11.51
56832,2249,152,0.8303,1094.42,23.01,1,11.51
56882,2267,152,0.8300,1094.40,23.00,1,11.51
56932,2281,-157,0.8302,1094.41,23.01,1,11.51
56982,2297,-157,0.8304,1094.43,23.00,1,11.50
57032,2277,-163,0.8302,1094.41,23.00,1,11.50
57082,2268,-163,0.8298,1094.38,23.01,1,11.50
57132,2266,-162,0.8299,1094.39,23.00,1,11.51
57182,2253,-162,0.8305,1094.44,23.00,1,11.51
57232,2252,-160,0.8304,1094.43,23.01,1,11.50
57282,2239,-157,0.8300,1094.40,23.00,1,11.51
57332,2226,-157,0.8306,1094.45,23.00,1,11.50
57382,2231,-155,0.8296,1094.36,23.01,1,11.51
57432,2215,-155,0.8305,1094.44,23.00,1,11.51
57482,2218,-165,0.8305,1094.44,23.00,1,11.50
57532,2206,-165,0.8303,1094.42,23.00,1,11.50
57582,2206,-163,0.8306,1094.45,23.01,1,11.50
57632,2196,-163,0.8304,1094.43,23.01,1,11.51
57682,2196,-160,0.8304,1094.43,23.01,1,11.51
57732,2187,-160,0.8302,1094.41,23.00,1,11.51
57782,2176,-158,0.8304,1094.43,23.01,1,11.51
57832,2156,-157,0.8303,1094.42,23.00,1,11.50
57882,2171,-157,0.8304,1094.43,23.01,1,11.50
57932,2160,0,0.8308,1094.47,23.01,1,11.51
57982,2157,0,0.8304,1094.43,23.01,1,11.51
58032,2161,-151,0.8299,1094.39,23.01,1,11.51
58084,2149,-151,0.8307,1094.46,23.00,1,11.50
58133,2157,-151,0.8305,1094.44,23.00,1,11.50
58183,2160,151,0.8298,1094.38,23.00,1,11.51
58233,2153,151,0.8308,1094.47,23.01,1,11.51
58283,2159,-151,0.8302,1094.41,23.00,1,11.51
58333,2151,-151,0.8306,1094.45,23.00,1,11.50
58383,2139,-151,0.8304,1094.43,23.01,1,11.51
58433,2126,-151,0.8304,1094.43,23.00,1,11.51
58483,2157,165,0.8298,1094.38,23.00,1,11.51
58533,2150,167,0.8303,1094.42,23.01,1,11.51
58583,2153,167,0.8305,1094.44,23.01,1,11.51
58633,2187,163,0.8296,1094.36,23.01,1,11.50
58683,2192,163,0.8305,1094.44,23.00,1,11.51
58733,2210,155,0.8305,1094.44,23.00,1,11.51
58783,2212,154,0.8294,1094.34,23.00,1,11.50
58833,2224,154,0.8306,1094.45,23.01,1,11.51
58883,2253,151,0.8302,1094.41,23.01,1,11.51
58933,2272,151,0.8296,1094.36,23.00,1,11.50
58983,2281,-157,0.8306,1094.45,23.01,1,11.50
59033,2273,-157,0.8304,1094.43,23.01,1,11.51
59083,2282,-163,0.8300,1094.40,23.00,1,11.50
59133,2276,-163,0.8309,1094.48,23.01,1,11.51
59183,2265,-163,0.8307,1094.46,23.00,1,11.51
59233,2254,-163,0.8303,1094.42,23.01,1,11.51
59283,2250,-160,0.8303,1094.42,23.00,1,11.51
59333,2225,-158,0.8308,1094.47,23.00,1,11.50
59383,2248,-158,0.8305,1094.44,23.00,1,11.50
59433,2227,-152,0.8302,1094.41,23.00,1,11.50
59483,2231,-152,0.8312,1094.51,23.01,1,11.51
59533,2218,-153,0.8302,1094.41,23.01,1,11.51
59583,2210,-153,0.8305,1094.44,23.01,1,11.51
59633,2147,-151,0.8309,1094.48,23.01,1,11.51
59683,2213,-151,0.8304,1094.43,23.01,1,11.50
59733,2205,163,0.8297,1094.37,23.01,1,11.51
59783,2211,163,0.8311,1094.50,23.00,1,11.51
59833,2230,152,0.8306,1094.45,23.01,1,11.51
59883,2239,152,0.8298,1094.38,23.00,1,11.51
59933,2243,-153,0.8313,1094.52,23.01,1,11.50
59983,2252,-153,0.8311,1094.50,23.01,1,11.51
60033,2249,-156,0.8300,1094.40,23.00,1,11.50
60085,2234,-156,0.8313,1094.52,23.00,1,11.51
60134,2215,-157,0.8305,1094.44,23.01,1,11.51
60184,2236,-157,0.8303,1094.42,23.01,1,11.51
60234,2221,0,0.8312,1094.51,23.01,1,11.51
60284,2220,0,0.8305,1094.44,23.01,1,11.51
60334,2228,-152,0.8306,1094.45,23.01,1,11.51
60384,2227,-152,0.8308,1094.47,23.01,1,11.50
60434,2211,-160,0.8308,1094.47,23.01,1,11.51
60484,2209,-160,0.8300,1094.40,23.00,1,11.51
60534,2191,-160,0.8304,1094.43,23.00,1,11.51
60584,2203,-156,0.8311,1094.50,23.01,1,11.51
60634,2176,-156,0.8303,1094.42,23.01,1,11.51
60684,2201,-155,0.8305,1094.44,23.01,1,11.51
60734,2195,-155,0.8307,1094.46,23.01,1,11.51
60784,2185,-155,0.8299,1094.39,23.01,1,11.51
60834,2173,-153,0.8306,1094.45,23.01,1,11.50
60884,2177,-153,0.8305,1094.44,23.01,1,11.51
60934,2166,151,0.8302,1094.41,23.00,1,11.50
60984,2173,151,0.8304,1094.43,23.01,1,11.51
61034,2184,152,0.8304,1094.43,23.01,1,11.51
61084,2191,151,0.8305,1094.44,23.01,1,11.51
61134,2200,151,0.8304,1094.43,23.01,1,11.50
61184,2210,-153,0.8310,1094.49,23.01,1,11.50
61234,2207,-153,0.8306,1094.45,23.01,1,11.51
61284,2208,-156,0.8300,1094.40,23.01,1,11.51
61334,2199,-156,0.8313,1094.52,23.00,1,11.50
61384,2181,-156,0.8306,1094.45,23.01,1,11.51
61434,2184,-156,0.8302,1094.41,23.01,1,11.50
61484,2187,0,0.8311,1094.50,23.01,1,11.51
61534,2186,0,0.8298,1094.38,23.00,1,11.51
61584,2188,-151,0.8305,1094.44,23.01,1,11.50
61634,2183,-151,0.8305,1094.44,23.01,1,11.51
61684,2180,-151,0.8305,1094.44,23.01,1,11.51
61734,2173,-151,0.8303,1094.42,23.00,1,11.51
61784,2174,0,0.8305,1094.44,23.01,1,11.51
61834,2175,0,0.8305,1094.44,23.01,1,11.51
61884,2147,151,0.8308,1094.47,23.01,1,11.51
61934,2183,151,0.8306,1094.45,23.01,1,11.51
61984,2183,157,0.8310,1094.49,23.01,1,11.51
62034,2194,0,0.8303,1094.42,23.01,1,11.51
62086,2198,0,0.8303,1094.42,23.00,1,11.51
62135,2198,-152,0.8308,1094.47,23.01,1,11.51
62185,2216,-152,0.8305,1094.44,23.01,1,11.51
62235,2185,-153,0.8308,1094.47,23.01,1,11.51
62285,2189,-153,0.8302,1094.41,23.00,1,11.51
62335,2185,-151,0.8300,1094.40,23.01,1,11.51
62385,2186,-151,0.8305,1094.44,23.00,1,11.51
62435,2185,159,0.8307,1094.46,23.01,1,11.51
62485,2183,159,0.8305,1094.44,23.01,1,11.51
62535,2193,159,0.8304,1094.43,23.01,1,11.51
62585,2194,160,0.8306,1094.45,23.01,1,11.51
62635,2217,160,0.8303,1094.42,23.01,1,11.50
62685,2214,157,0.8300,1094.40,23.01,1,11.51
62735,2237,157,0.8310,1094.49,23.01,1,11.51
62785,2249,154,0.8308,1094.47,23.01,1,11.51
62835,2259,-151,0.8305,1094.44,23.00,1,11.51
62885,2275,-151,0.8315,1094.54,23.01,1,11.51
62935,2266,-155,0.8299,1094.39,23.00,1,11.51
62985,2266,-155,0.8303,1094.42,23.01,1,11.51
63035,2292,-157,0.8310,1094.49,23.00,1,11.51
63085,2265,-157,0.8302,1094.41,23.01,1,11.51
63135,2257,-157,0.8306,1094.45,23.01,1,11.51
63185,2243,-156,0.8309,1094.48,23.01,1,11.51
63235,2227,-156,0.8303,1094.42,23.01,1,11.51
63285,2248,-152,0.8308,1094.47,23.01,1,11.51
63335,2213,-152,0.8308,1094.47,23.01,1,11.51
63385,2235,-153,0.8309,1094.48,23.01,1,11.51
63435,2214,-153,0.8302,1094.41,23.00,1,11.51
63485,2219,-163,0.8308,1094.47,23.01,1,11.51
63535,2200,-158,0.8306,1094.45,23.01,1,11.51
63585,2207,-158,0.8302,1094.41,23.01,1,11.51
63635,2204,-156,0.8309,1094.48,23.01,1,11.51
63685,2202,-156,0.8305,1094.44,23.00,1,11.50
63735,2187,-156,0.8307,1094.46,23.01,1,11.51
63785,2188,-156,0.8304,1094.43,23.01,1,11.51
63835,2179,-153,0.8308,1094.47,23.01,1,11.51
63885,2190,-153,0.8306,1094.45,23.01,1,11.50
63935,2180,-152,0.8302,1094.41,23.01,1,11.51
63985,2180,-152,0.8311,1094.50,23.01,1,11.51
64035,2166,-152,0.8300,1094.40,23.01,1,11.51
64087,2165,-152,0.8303,1094.42,23.00,1,11.51
64136,2165,-152,0.8308,1094.47,23.01,1,11.51
64186,2166,151,0.8307,1094.46,23.01,1,11.51
64236,2161,151,0.8305,1094.44,23.01,1,11.51
64286,2173,151,0.8306,1094.45,23.01,1,11.51
64336,2188,152,0.8299,1094.39,23.01,1,11.51
64386,2193,152,0.8303,1094.42,23.01,1,11.51
64436,2194,-156,0.8308,1094.47,23.01,1,11.51
64486,2219,-157,0.8299,1094.39,23.01,1,11.51
64536,2209,-157,0.8299,1094.39,23.00,1,11.51
64586,2195,-162,0.8303,1094.42,23.01,1,11.51
64636,2191,-162,0.8305,1094.44,23.01,1,11.51
64686,2177,-158,0.8305,1094.44,23.01,1,11.50
64736,2179,-157,0.8308,1094.47,23.01,1,11.51
64786,2180,-157,0.8303,1094.42,23.01,1,11.51
64836,2114,-155,0.8303,1094.42,23.01,1,11.51
64886,2169,-155,0.8308,1094.47,23.01,1,11.51
64936,2154,158,0.8302,1094.41,23.01,1,11.50
64986,2157,-153,0.8307,1094.46,23.01,1,11.50
65036,2150,-153,0.8309,1094.48,23.01,1,11.51
65086,2153,0,0.8302,1094.41,23.01,1,11.51
65136,2154,0,0.8302,1094.41,23.01,1,11.51
65186,2154,0,0.8308,1094.47,23.01,1,11.51
65236,2153,0,0.8307,1094.46,23.01,1,11.51
65286,2154,0,0.8305,1094.44,23.01,1,11.51
65336,2154,0,0.8308,1094.47,23.01,1,11.51
65386,2153,0,0.8307,1094.46,23.01,1,11.51
65436,2152,156,0.8298,1094.38,23.01,1,11.51
65486,2157,156,0.8312,1094.51,23.01,1,11.51
65536,2167,156,0.8304,1094.43,23.01,1,11.50
65586,2171,156,0.8297,1094.37,23.01,1,11.51
65636,2183,153,0.8311,1094.50,23.01,1,11.51
65686,2196,153,0.8303,1094.42,23.01,1,11.51
65736,2203,0,0.8306,1094.45,23.01,1,11.51
65786,2207,0,0.8308,1094.47,23.01,1,11.51
65836,2210,-154,0.8308,1094.47,23.01,1,11.51
65886,2213,-154,0.8304,1094.43,23.01,1,11.51
65936,2196,-155,0.8307,1094.46,23.01,1,11.51
65986,2203,-155,0.8307,1094.46,23.01,1,11.51
66036,2199,-152,0.8303,1094.42,23.00,1,11.51
66088,2188,-152,0.8305,1094.44,23.00,1,11.51
66137,2189,-153,0.8303,1094.42,23.00,1,11.51
66187,2186,-153,0.8303,1094.42,23.01,1,11.51
66237,2185,-151,0.8300,1094.40,23.01,1,11.51
66287,2184,-151,0.8306,1094.45,23.01,1,11.51
66337,2174,0,0.8304,1094.43,23.01,1,11.51
66387,2174,0,0.8306,1094.45,23.01,1,11.51
66437,2176,-154,0.8306,1094.45,23.01,1,11.51
66487,2173,-154,0.8300,1094.40,23.00,1,11.51
66537,2166,-154,0.8304,1094.43,23.01,1,11.51
66587,2179,-153,0.8306,1094.45,23.01,1,11.51
66637,2162,-153,0.8308,1094.47,23.01,1,11.51
66687,2172,-155,0.8302,1094.41,23.01,1,11.51
66737,2157,-155,0.8308,1094.47,23.01,1,11.50
66787,2156,-153,0.8308,1094.47,23.01,1,11.51
66837,2152,-153,0.8303,1094.42,23.01,1,11.50
66887,2147,0,0.8306,1094.45,23.01,1,11.51
66937,2142,0,0.8309,1094.48,23.01,1,11.51
66987,2148,152,0.8300,1094.40,23.01,1,11.51
67037,2145,153,0.8308,1094.47,23.01,1,11.50
67087,2149,153,0.8306,1094.45,23.01,1,11.51
67137,2167,152,0.8306,1094.45,23.01,1,11.51
67187,2174,152,0.8311,1094.50,23.01,1,11.51
67237,2189,-152,0.8302,1094.41,23.01,1,11.51
67287,2202,-152,0.8305,1094.44,23.01,1,11.51
67337,2194,-157,0.8305,1094.44,23.01,1,11.51
67387,2177,-157,0.8305,1094.44,23.01,1,11.51
67437,2171,154,0.8304,1094.43,23.01,1,11.51
67487,2176,158,0.8305,1094.44,23.01,1,11.51
67537,2170,158,0.8305,1094.44,23.01,1,11.51
67587,2188,158,0.8300,1094.40,23.01,1,11.50
67637,2213,158,0.8305,1094.44,23.01,1,11.51
67687,2216,156,0.8304,1094.43,23.01,1,11.51
67737,2229,151,0.8303,1094.42,23.00,1,11.51
67787,2230,151,0.8304,1094.43,23.00,1,11.51
67837,2259,-152,0.8305,1094.44,23.01,1,11.50
67887,2288,-152,0.8300,1094.40,23.01,1,11.50
67937,2256,-158,0.8305,1094.44,23.01,1,11.51
67987,2251,-158,0.8305,1094.44,23.01,1,11.51
68037,2233,-158,0.8302,1094.41,23.01,1,11.51
68089,2230,-158,0.8302,1094.41,23.00,1,11.51
68138,2213,-153,0.8306,1094.45,23.00,1,11.51
68188,2227,-153,0.8305,1094.44,23.00,1,11.51
68238,2221,151,0.8308,1094.47,23.01,1,11.51
68288,2228,151,0.8307,1094.46,23.00,1,11.51
68338,2222,-151,0.8306,1094.45,23.01,1,11.51
68388,2236,-151,0.8306,1094.45,23.01,1,11.50
68438,2229,-160,0.8306,1094.45,23.00,1,11.51
68488,2245,-160,0.8311,1094.50,23.00,1,11.51
68538,2209,-161,0.8302,1094.41,23.00,1,11.51
68588,2208,-161,0.8307,1094.46,23.01,1,11.51
68638,2192,-157,0.8312,1094.51,23.01,1,11.51
68688,2204,-157,0.8300,1094.40,23.01,1,11.51
68738,2199,-154,0.8307,1094.46,23.00,1,11.51
68788,2199,-154,0.8307,1094.46,23.01,1,11.51
68838,2195,-155,0.8306,1094.45,23.01,1,11.51
68888,2183,-155,0.8310,1094.49,23.00,1,11.51
68938,2168,-154,0.8307,1094.46,23.01,1,11.50
68988,2176,-154,0.8303,1094.42,23.01,1,11.51
69038,2179,151,0.8311,1094.50,23.01,1,11.50
69088,2175,-151,0.8304,1094.43,23.01,1,11.51
69138,2166,-151,0.8300,1094.40,23.00,1,11.51
69188,2169,0,0.8311,1094.50,23.01,1,11.51
69238,2163,151,0.8305,1094.44,23.01,1,11.51
69288,2169,151,0.8306,1094.45,23.01,1,11.51
69338,2162,152,0.8305,1094.44,23.01,1,11.51
69388,2185,152,0.8307,1094.46,23.00,1,11.51
69438,2192,-158,0.8308,1094.47,23.01,1,11.50
69488,2200,-158,0.8300,1094.40,23.01,1,11.51
69538,2169,-164,0.8307,1094.46,23.01,1,11.51
69588,2185,-164,0.8309,1094.48,23.01,1,11.51
69638,2176,-159,0.8304,1094.43,23.01,1,11.51
69688,2177,-162,0.8308,1094.47,23.01,1,11.50
69738,2152,-162,0.8302,1094.41,23.01,1,11.50
69788,2160,-161,0.8302,1094.41,23.01,1,11.50
69838,2161,-156,0.8305,1094.44,23.01,1,11.50
69888,2148,-156,0.8303,1094.42,23.01,1,11.50
69938,2146,-158,0.8302,1094.41,23.01,1,11.50
69988,2139,-158,0.8303,1094.42,23.01,1,11.50
70038,2134,-155,0.8305,1094.44,23.01,1,11.51
70090,2125,-153,0.8306,1094.45,23.00,1,11.50
70139,2113,-153,0.8308,1094.47,23.01,1,11.51
70189,2104,-151,0.8306,1094.45,23.01,1,11.51
70239,2128,-151,0.8299,1094.39,23.01,1,11.51
70289,2125,153,0.8307,1094.46,23.01,1,11.51
70339,2123,153,0.8305,1094.44,23.01,1,11.51
70389,2119,-151,0.8300,1094.40,23.01,1,11.51
70439,2124,162,0.8308,1094.47,23.01,1,11.50
70489,2115,162,0.8304,1094.43,23.01,1,11.50
70539,2138,161,0.8302,1094.41,23.01,1,11.51
70589,2154,161,0.8312,1094.51,23.01,1,11.50
70639,2169,159,0.8303,1094.42,23.01,1,11.51
70689,2172,156,0.8305,1094.44,23.01,1,11.51
70739,2190,156,0.8305,1094.44,23.01,1,11.51
70789,2198,152,0.8300,1094.40,23.01,1,11.51
70839,2208,152,0.8302,1094.41,23.01,1,11.51
70889,2224,-153,0.8308,1094.47,23.01,1,11.51
70939,2225,-155,0.8304,1094.43,23.01,1,11.51
70989,2208,-155,0.8307,1094.46,23.01,1,11.51
71039,2215,-158,0.8306,1094.45,23.01,1,11.51
71089,2216,-158,0.8302,1094.41,23.01,1,11.51
71139,2213,-156,0.8308,1094.47,23.01,1,11.51
71189,2207,-157,0.8304,1094.43,23.01,1,11.51
71239,2195,-157,0.8305,1094.44,23.01,1,11.51
71289,2184,-155,0.8308,1094.47,23.01,1,11.51
71339,2186,-155,0.8305,1094.44,23.01,1,11.51
71389,2185,0,0.8306,1094.45,23.01,1,11.51
71439,2183,157,0.8305,1094.44,23.01,1,11.51
71489,2183,157,0.8304,1094.43,23.01,1,11.51
71539,2200,157,0.8299,1094.39,23.01,1,11.50
71589,2198,157,0.8308,1094.47,23.00,1,11.51
71639,2225,154,0.8303,1094.42,23.01,1,11.51
71689,2228,154,0.8302,1094.41,23.01,1,11.51
71739,2228,154,0.8306,1094.45,23.01,1,11.51
71789,2258,-151,0.8303,1094.42,23.01,1,11.51
71839,2250,-151,0.8309,1094.48,23.01,1,11.50
71889,2256,-157,0.8306,1094.45,23.01,1,11.51
71939,2244,-156,0.8305,1094.44,23.01,1,11.51
71989,2251,-156,0.8308,1094.47,23.01,1,11.51
72039,2243,-155,0.8306,1094.45,23.01,1,11.50
72091,2231,-155,0.8297,1094.37,23.00,1,11.51
72140,2236,-154,0.8313,1094.52,23.01,1,11.51
72190,2227,-152,0.8306,1094.45,23.01,1,11.51
72240,2202,-152,0.8300,1094.40,23.01,1,11.51
72290,2232,-151,0.8310,1094.49,23.01,1,11.51
72340,2223,-151,0.8303,1094.42,23.00,1,11.51
72390,2218,-152,0.8302,1094.41,23.01,1,11.51
72440,2209,0,0.8308,1094.47,23.01,1,11.51
72490,2208,0,0.8303,1094.42,23.01,1,11.51
72540,2203,152,0.8305,1094.44,23.01,1,11.51
72590,2208,152,0.8309,1094.48,23.01,1,11.51
72640,2205,153,0.8303,1094.42,23.01,1,11.51
72690,2228,152,0.8304,1094.43,23.01,1,11.51
72740,2247,152,0.8306,1094.45,23.01,1,11.51
72790,2246,-151,0.8308,1094.47,23.01,1,11.51
72840,2238,-151,0.8304,1094.43,23.01,1,11.51
72890,2255,-155,0.8306,1094.45,23.01,1,11.51
72940,2253,-153,0.8303,1094.42,23.01,1,11.51
72990,2243,-153,0.8299,1094.39,23.01,1,11.51
73040,2233,-156,0.8305,1094.44,23.01,1,11.51
73090,2224,-156,0.8305,1094.44,23.01,1,11.51
73140,2175,-152,0.8305,1094.44,23.01,1,11.51
73190,2230,-151,0.8310,1094.49,23.01,1,11.51
73240,2228,-151,0.8300,1094.40,23.01,1,11.50
73290,2229,-152,0.8299,1094.39,23.01,1,11.51
73340,2213,-152,0.8305,1094.44,23.01,1,11.51
73390,2209,-152,0.8306,1094.45,23.01,1,11.51
73440,2126,-161,0.8304,1094.43,23.01,1,11.50
73490,2211,-161,0.8305,1094.44,23.01,1,11.51
73540,2206,156,0.8304,1094.43,23.01,1,11.51
73590,2195,156,0.8299,1094.39,23.01,1,11.51
73640,2199,-159,0.8306,1094.45,23.01,1,11.51
73690,2207,-157,0.8305,1094.44,23.01,1,11.51
73740,2188,-157,0.8305,1094.44,23.01,1,11.51
73790,2197,-159,0.8307,1094.46,23.01,1,11.51
73840,2190,-159,0.8300,1094.40,23.01,1,11.51
73890,2188,-157,0.8299,1094.39,23.01,1,11.51
73940,2171,-157,0.8305,1094.44,23.01,1,11.51
73990,2175,-156,0.8308,1094.47,23.01,1,11.51
74040,2164,-156,0.8303,1094.42,23.01,1,11.51
74092,2166,-153,0.8302,1094.41,23.00,1,11.51
74141,2147,-153,0.8300,1094.40,23.00,1,11.51
74191,2165,-151,0.8303,1094.42,23.01,1,11.51
74241,2158,-151,0.8303,1094.42,23.01,1,11.51
74291,2143,-151,0.8302,1094.41,23.01,1,11.51
74341,2154,-151,0.8303,1094.42,23.01,1,11.51
74391,2145,153,0.8299,1094.39,23.01,1,11.51
74441,2165,-158,0.8303,1094.42,23.01,1,11.51
74491,2166,-158,0.8303,1094.42,23.01,1,11.51
74541,2155,-160,0.8298,1094.38,23.01,1,11.50
74591,2141,-160,0.8304,1094.43,23.01,1,11.51
74641,2120,-158,0.8305,1094.44,23.01,1,11.51
74691,2137,-156,0.8294,1094.34,23.01,1,11.51
74741,2122,-156,0.8303,1094.42,23.01,1,11.51
74791,2135,-155,0.8300,1094.40,23.01,1,11.51
74841,2118,-155,0.8298,1094.38,23.01,1,11.51
74891,2101,-154,0.8304,1094.43,23.01,1,11.50
74941,2109,-151,0.8303,1094.42,23.01,1,11.51
74991,2122,-151,0.8295,1094.35,23.01,1,11.51
75041,2103,151,0.8305,1094.44,23.01,1,11.51
75091,2112,151,0.8305,1094.44,23.01,1,11.51
75141,2108,152,0.8296,1094.36,23.01,1,11.51
75191,2125,0,0.8299,1094.39,23.01,1,11.51
75241,2126,0,0.8307,1094.46,23.01,1,11.51
75291,2131,-153,0.8294,1094.34,23.01,1,11.51
75341,2127,-153,0.8303,1094.42,23.01,1,11.51
75391,2124,-154,0.8307,1094.46,23.01,1,11.51
75441,2117,159,0.8293,1094.33,23.01,1,11.51
75491,2135,159,0.8303,1094.42,23.01,1,11.51
75541,2130,161,0.8305,1094.44,23.01,1,11.51
75591,2137,161,0.8294,1094.34,23.01,1,11.51
75641,2139,158,0.8303,1094.42,23.01,1,11.51
75691,2160,157,0.8303,1094.42,23.01,1,11.51
75741,2182,157,0.8292,1094.32,23.01,1,11.51
75791,2197,153,0.8302,1094.41,23.01,1,11.51
75841,2202,153,0.8299,1094.39,23.01,1,11.51
75891,2211,-155,0.8299,1094.39,23.01,1,11.51
75941,2214,-155,0.8300,1094.40,23.01,1,11.51
75991,2219,-157,0.8300,1094.40,23.01,1,11.51
76041,2199,-157,0.8295,1094.35,23.01,1,11.50
76093,2188,-159,0.8299,1094.39,23.00,1,11.50
76142,2194,-155,0.8303,1094.42,23.01,1,11.51
76192,2190,-155,0.8302,1094.41,23.01,1,11.50
76242,2195,-154,0.8299,1094.39,23.01,1,11.51
76292,2179,-154,0.8307,1094.46,23.01,1,11.50
76342,2162,-154,0.8303,1094.42,23.01,1,11.50
76392,2163,-151,0.8302,1094.41,23.01,1,11.51
76442,2156,-151,0.8303,1094.42,23.01,1,11.51
76492,2165,160,0.8300,1094.40,23.01,1,11.51
76542,2168,160,0.8302,1094.41,23.01,1,11.51
76592,2178,160,0.8305,1094.44,23.01,1,11.51
76642,2199,160,0.8299,1094.39,23.01,1,11.51
76692,2203,157,0.8304,1094.43,23.01,1,11.51
76742,2216,157,0.8306,1094.45,23.01,1,11.50
76792,2218,152,0.8298,1094.38,23.01,1,11.51
76842,2230,152,0.8298,1094.38,23.01,1,11.51
76892,2253,-151,0.8300,1094.40,23.01,1,11.50
76942,2239,-151,0.8302,1094.41,23.01,1,11.51
76992,2248,-158,0.8304,1094.43,23.01,1,11.51
77042,2219,-158,0.8302,1094.41,23.01,1,11.51
77092,2242,-157,0.8300,1094.40,23.01,1,11.50
77142,2222,-157,0.8298,1094.38,23.01,1,11.51
77192,2233,-155,0.8300,1094.40,23.01,1,11.51
77242,2207,-155,0.8306,1094.45,23.01,1,11.51
77292,2214,-154,0.8298,1094.38,23.01,1,11.50
77342,2214,-154,0.8298,1094.38,23.01,1,11.51
77392,2213,0,0.8304,1094.43,23.01,1,11.51
77442,2213,0,0.8298,1094.38,23.01,1,11.50
77492,2215,-153,0.8300,1094.40,23.01,1,11.51
77542,2192,-153,0.8306,1094.45,23.01,1,11.50
77592,2192,-153,0.8297,1094.37,23.01,1,11.50
77642,2194,-153,0.8300,1094.40,23.01,1,11.51
77692,2209,151,0.8305,1094.44,23.01,1,11.51
77742,2205,151,0.8303,1094.42,23.01,1,11.51
77792,2206,-152,0.8302,1094.41,23.01,1,11.51
77842,2200,-152,0.8305,1094.44,23.01,1,11.50
77892,2195,-152,0.8300,1094.40,23.01,1,11.51
77942,2200,0,0.8294,1094.34,23.01,1,11.51
77992,2200,0,0.8304,1094.43,23.01,1,11.51
78042,2199,0,0.8302,1094.41,23.00,1,11.51
78094,2200,0,0.8299,1094.39,23.01,1,11.51
78143,2200,0,0.8305,1094.44,23.01,1,11.51
78193,2198,0,0.8304,1094.43,23.01,1,11.51
78243,2200,0,0.8292,1094.32,23.01,1,11.51
78293,2198,0,0.8304,1094.43,23.01,1,11.51
78343,2200,0,0.8302,1094.41,23.01,1,11.51
78393,2200,0,0.8299,1094.39,23.01,1,11.51
78443,2200,0,0.8302,1094.41,23.01,1,11.51
78493,2200,-157,0.8311,1094.50,23.01,1,11.51
78543,2204,-157,0.8296,1094.36,23.01,1,11.51
78593,2193,-157,0.8305,1094.44,23.01,1,11.51
78643,2193,-158,0.8307,1094.46,23.01,1,11.51
78693,2184,-158,0.8293,1094.33,23.01,1,11.51
78743,2170,-156,0.8305,1094.44,23.01,1,11.51
78793,2165,-156,0.8306,1094.45,23.01,1,11.51
78843,2198,-152,0.8298,1094.38,23.01,1,11.51
78893,2168,-152,0.8305,1094.44,23.01,1,11.51
78943,2168,-157,0.8304,1094.43,23.01,1,11.50
78993,2164,-157,0.8295,1094.35,23.01,1,11.51
79043,2140,-151,0.8302,1094.41,23.01,1,11.50
79093,2146,-151,0.8305,1094.44,23.01,1,11.51
79143,2147,154,0.8299,1094.39,23.01,1,11.50
79193,2150,154,0.8300,1094.40,23.01,1,11.51
79243,2153,153,0.8302,1094.41,23.01,1,11.51
79293,2166,153,0.8298,1094.38,23.01,1,11.51
79343,2180,152,0.8299,1094.39,23.01,1,11.51
79393,2192,152,0.8305,1094.44,23.01,1,11.51
79443,2184,-158,0.8302,1094.41,23.01,1,11.51
79493,2215,-158,0.8297,1094.37,23.01,1,11.51
79543,2202,-159,0.8307,1094.46,23.01,1,11.51
79593,2193,-165,0.8299,1094.39,23.01,1,11.51
79643,2180,-165,0.8293,1094.33,23.01,1,11.51
79693,2175,-161,0.8302,1094.41,23.01,1,11.51
79743,2171,-161,0.8302,1094.41,23.01,1,11.51
79793,2174,-157,0.8299,1094.39,23.01,1,11.51
79843,2168,-157,0.8308,1094.47,23.01,1,11.51
79893,2161,-157,0.8300,1094.40,23.01,1,11.50
79943,2131,-157,0.8297,1094.37,23.01,1,11.51
79993,2132,-154,0.8304,1094.43,23.01,1,11.51
80043,2135,-154,0.8304,1094.43,23.01,1,11.50
80095,2135,151,0.8295,1094.35,23.00,1,11.50
80144,2127,151,0.8303,1094.42,23.01,1,11.51
80194,2143,151,0.8303,1094.42,23.01,1,11.51
80244,2160,151,0.8300,1094.40,23.01,1,11.50
80294,2161,-151,0.8306,1094.45,23.01,1,11.51
80344,2153,-151,0.8307,1094.46,23.01,1,11.51
80394,2167,-154,0.8299,1094.39,23.01,1,11.51
80444,2158,-154,0.8297,1094.37,23.01,1,11.51
80494,2154,151,0.8302,1094.41,23.01,1,11.51
80544,2156,151,0.8299,1094.39,23.01,1,11.50
80594,2159,154,0.8303,1094.42,23.01,1,11.50
80644,2173,154,0.8310,1094.49,23.01,1,11.50
80694,2176,153,0.8295,1094.35,23.01,1,11.51
80744,2186,153,0.8297,1094.37,23.01,1,11.51
80794,2202,-151,0.8309,1094.48,23.01,1,11.51
80844,2186,-151,0.8298,1094.38,23.01,1,11.50
80894,2192,-156,0.8300,1094.40,23.01,1,11.51
80944,2180,-156,0.8311,1094.50,23.01,1,11.51
80994,2193,-154,0.8300,1094.40,23.01,1,11.51
81044,2183,-154,0.8299,1094.39,23.01,1,11.50
81094,2185,-154,0.8306,1094.45,23.01,1,11.51
81144,2174,-154,0.8299,1094.39,23.01,1,11.51
81194,2171,-153,0.8298,1094.38,23.01,1,11.50
81244,2162,-153,0.8304,1094.43,23.01,1,11.50
81294,2169,0,0.8296,1094.36,23.01,1,11.51
81344,2168,0,0.8303,1094.42,23.01,1,11.51
81394,2172,151,0.8306,1094.45,23.01,1,11.51
81444,2170,158,0.8300,1094.40,23.01,1,11.51
81494,2170,158,0.8303,1094.42,23.01,1,11.51
81544,2190,157,0.8299,1094.39,23.01,1,11.51
81594,2194,157,0.8298,1094.38,23.01,1,11.51
81644,2202,153,0.8304,1094.43,23.01,1,11.51
81694,2219,153,0.8302,1094.41,23.01,1,11.51
81744,2241,151,0.8305,1094.44,23.01,1,11.51
81794,2250,151,0.8298,1094.38,23.01,1,11.51
81844,2254,-157,0.8297,1094.37,23.01,1,11.51
81894,2276,-158,0.8307,1094.46,23.01,1,11.51
81944,2248,-158,0.8297,1094.37,23.01,1,11.51
81994,2255,-163,0.8303,1094.42,23.01,1,11.51
82044,2252,-163,0.8308,1094.47,23.01,1,11.50
82096,2225,-159,0.8290,1094.30,23.00,1,11.51
82145,2233,-159,0.8302,1094.41,23.01,1,11.51
82195,2234,-159,0.8311,1094.50,23.01,1,11.51
82245,2215,-155,0.8298,1094.38,23.01,1,11.51
82295,2221,-155,0.8300,1094.40,23.01,1,11.51
82345,2204,-151,0.8304,1094.43,23.01,1,11.51
82395,2208,-153,0.8302,1094.41,23.01,1,11.51
82445,2204,-153,0.8303,1094.42,23.01,1,11.51
82495,2214,-152,0.8309,1094.48,23.01,1,11.50
82545,2206,-152,0.8302,1094.41,23.01,1,11.50
82595,2207,-153,0.8300,1094.40,23.01,1,11.50
82645,2185,-151,0.8304,1094.43,23.01,1,11.51
82695,2188,-151,0.8298,1094.38,23.01,1,11.51
82745,2179,153,0.8296,1094.36,23.01,1,11.50
82795,2188,153,0.8307,1094.46,23.01,1,11.51
82845,2180,154,0.8299,1094.39,23.01,1,11.51
82895,2204,154,0.8298,1094.38,23.01,1,11.51
82945,2215,154,0.8308,1094.47,23.01,1,11.51
82995,2222,154,0.8298,1094.38,23.01,1,11.51
83045,2229,-153,0.8302,1094.41,23.01,1,11.51
83095,2257,-153,0.8309,1094.48,23.01,1,11.51
83145,2237,-156,0.8303,1094.42,23.01,1,11.51
83195,2243,-156,0.8295,1094.35,23.01,1,11.51
83245,2213,-157,0.8302,1094.41,23.01,1,11.51
83295,2220,-157,0.8307,1094.46,23.01,1,11.51
83345,2214,-153,0.8298,1094.38,23.01,1,11.51
83395,2219,-154,0.8299,1094.39,23.01,1,11.50
83445,2210,-154,0.8305,1094.44,23.01,1,11.51
83495,2211,-155,0.8296,1094.36,23.01,1,11.51
83545,2196,-155,0.8303,1094.42,23.01,1,11.50
83595,2199,-153,0.8302,1094.41,23.01,1,11.51
83645,2192,-153,0.8299,1094.39,23.01,1,11.50
83695,2200,-151,0.8300,1094.40,23.01,1,11.50
83745,2195,-151,0.8307,1094.46,23.01,1,11.51
83795,2195,-151,0.8299,1094.39,23.01,1,11.50
83845,2184,-151,0.8300,1094.40,23.01,1,11.51
83895,2177,0,0.8310,1094.49,23.01,1,11.51
83945,2179,0,0.8298,1094.38,23.01,1,11.51
83995,2171,154,0.8299,1094.39,23.01,1,11.51
84045,2179,154,0.8305,1094.44,23.01,1,11.51
84097,2184,155,0.8299,1094.39,23.00,1,11.51
84146,2219,153,0.8295,1094.35,23.01,1,11.51
84196,2215,153,0.8308,1094.47,23.01,1,11.51
84246,2213,-155,0.8302,1094.41,23.01,1,11.51
84296,2240,-155,0.8297,1094.37,23.01,1,11.51
84346,2211,-153,0.8308,1094.47,23.01,1,11.51
84396,2223,-153,0.8300,1094.40,23.01,1,11.51
84446,2204,-153,0.8296,1094.36,23.01,1,11.50
84496,2207,-153,0.8309,1094.48,23.01,1,11.51
84546,2203,-152,0.8303,1094.42,23.01,1,11.50
84596,2204,-152,0.8297,1094.37,23.01,1,11.51
84646,2198,-152,0.8303,1094.42,23.01,1,11.51
84696,2204,-152,0.8305,1094.44,23.01,1,11.50
84746,2212,-151,0.8298,1094.38,23.01,1,11.51
84796,2183,-151,0.8305,1094.44,23.01,1,11.51
84846,2182,-153,0.8308,1094.47,23.01,1,11.51
84896,2181,152,0.8297,1094.37,23.01,1,11.51
84946,2182,152,0.8303,1094.42,23.01,1,11.50
84996,2184,153,0.8311,1094.50,23.01,1,11.51
85046,2205,153,0.8296,1094.36,23.01,1,11.51
85096,2211,152,0.8298,1094.38,23.01,1,11.50
85146,2221,-152,0.8309,1094.48,23.01,1,11.50
85196,2224,-152,0.8291,1094.31,23.01,1,11.51
85246,2213,-155,0.8300,1094.40,23.00,1,11.51
85296,2217,-155,0.8307,1094.46,23.01,1,11.51
85346,2212,-154,0.8294,1094.34,23.01,1,11.51
85396,2189,-154,0.8305,1094.44,23.01,1,11.51
85446,2198,-154,0.8307,1094.46,23.01,1,11.51
85496,2200,153,0.8299,1094.39,23.01,1,11.51
85546,2206,153,0.8306,1094.45,23.01,1,11.50
85596,2204,151,0.8308,1094.47,23.01,1,11.51
85646,2222,151,0.8303,1094.42,23.01,1,11.51
85696,2221,0,0.8298,1094.38,23.01,1,11.51
85746,2228,0,0.8311,1094.50,23.01,1,11.51
85796,2234,-154,0.8305,1094.44,23.01,1,11.51
85846,2238,-154,0.8299,1094.39,23.01,1,11.51
85896,2225,-156,0.8312,1094.51,23.01,1,11.50
85946,2213,-156,0.8299,1094.39,23.01,1,11.51
85996,2213,-154,0.8302,1094.41,23.01,1,11.51
86046,2209,-154,0.8309,1094.48,23.01,1,11.51
86098,2204,-152,0.8299,1094.39,23.01,1,11.51
86147,2200,-151,0.8300,1094.40,23.01,1,11.51
86197,2213,-151,0.8308,1094.47,23.01,1,11.51
86247,2199,151,0.8300,1094.40,23.01,1,11.51
86297,2211,151,0.8302,1094.41,23.01,1,11.51
86347,2205,151,0.8298,1094.38,23.01,1,11.50
86397,2216,-152,0.8307,1094.46,23.01,1,11.50
86447,2211,-152,0.8297,1094.37,23.01,1,11.51
86497,2214,-164,0.8302,1094.41,23.01,1,11.50
86547,2204,-163,0.8305,1094.44,23.01,1,11.50
86597,2200,-163,0.8296,1094.36,23.01,1,11.51
86647,2197,-161,0.8305,1094.44,23.01,1,11.50
86697,2191,-161,0.8305,1094.44,23.01,1,11.51
86747,2186,-160,0.8298,1094.38,23.01,1,11.50
86797,2176,-160,0.8304,1094.43,23.01,1,11.50
86847,2153,-158,0.8305,1094.44,23.01,1,11.50
86897,2164,-158,0.8297,1094.37,23.01,1,11.51
86947,2159,-151,0.8300,1094.40,23.01,1,11.51
86997,2170,-151,0.8309,1094.48,23.01,1,11.51
87047,2165,-152,0.8302,1094.41,23.01,1,11.51
87097,2155,-155,0.8296,1094.36,23.01,1,11.50
87147,2147,-155,0.8306,1094.45,23.01,1,11.51
87197,2140,-152,0.8302,1094.41,23.01,1,11.51
87247,2137,-152,0.8296,1094.36,23.01,1,11.51
87297,2145,151,0.8311,1094.50,23.01,1,11.51
87347,2135,152,0.8299,1094.39,23.01,1,11.51
87397,2148,152,0.8296,1094.36,23.01,1,11.51
87447,2155,0,0.8311,1094.50,23.01,1,11.51
87497,2156,0,0.8296,1094.36,23.01,1,11.51
87547,2138,-154,0.8299,1094.39,23.01,1,11.51
87597,2168,-155,0.8307,1094.46,23.01,1,11.51
87647,2153,-155,0.8299,1094.39,23.01,1,11.50
87697,2160,-157,0.8297,1094.37,23.01,1,11.51
87747,2129,-157,0.8306,1094.45,23.01,1,11.51
87797,2140,-155,0.8298,1094.38,23.01,1,11.51
87847,2134,-155,0.8298,1094.38,23.01,1,11.51
87897,2141,-151,0.8307,1094.46,23.01,1,11.51
87947,2116,-151,0.8302,1094.41,23.01,1,11.51
87997,2135,-152,0.8297,1094.37,23.01,1,11.50
88047,2120,-152,0.8304,1094.43,23.01,1,11.50
88099,2121,0,0.8306,1094.45,23.01,1,11.51
88148,2121,0,0.8295,1094.35,23.01,1,11.51
88198,2124,152,0.8300,1094.40,23.01,1,11.51
88248,2122,152,0.8302,1094.41,23.01,1,11.51
88298,2127,152,0.8297,1094.37,23.01,1,11.51
88348,2142,152,0.8306,1094.45,23.01,1,11.51
88398,2149,151,0.8305,1094.44,23.01,1,11.51
88448,2159,151,0.8296,1094.36,23.01,1,11.51
88498,2168,154,0.8298,1094.38,23.01,1,11.51
88548,2177,154,0.8304,1094.43,23.01,1,11.50
88598,2188,0,0.8297,1094.37,23.01,1,11.51
88648,2189,0,0.8305,1094.44,23.01,1,11.51
88698,2191,-154,0.8305,1094.44,23.01,1,11.51
88748,2233,-154,0.8295,1094.35,23.01,1,11.51
88798,2189,-154,0.8303,1094.42,23.01,1,11.51
88848,2186,-154,0.8305,1094.44,23.01,1,11.50
88898,2179,-154,0.8299,1094.39,23.01,1,11.50
88948,2170,-154,0.8300,1094.40,23.02,1,11.51
88998,2170,-152,0.8310,1094.49,23.01,1,11.50
89048,2165,-152,0.8298,1094.38,23.01,1,11.50
89098,2167,0,0.8299,1094.39,23.01,1,11.51
89148,2164,0,0.8307,1094.46,23.02,1,11.51
89198,2170,151,0.8299,1094.39,23.01,1,11.51
89248,2169,151,0.8300,1094.40,23.01,1,11.51
89298,2171,0,0.8305,1094.44,23.01,1,11.51
89348,2172,0,0.8304,1094.43,23.01,1,11.51
89398,2172,0,0.8297,1094.37,23.01,1,11.51
89448,2172,0,0.8307,1094.46,23.01,1,11.51
89498,2176,-152,0.8303,1094.42,23.01,1,11.51
89548,2167,-152,0.8298,1094.38,23.02,1,11.51
89598,2168,-153,0.8298,1094.38,23.01,1,11.51
89648,2166,-151,0.8307,1094.46,23.01,1,11.51
89698,2167,-151,0.8298,1094.38,23.01,1,11.51
89748,2162,-151,0.8300,1094.40,23.01,1,11.50
89798,2167,-151,0.8307,1094.46,23.01,1,11.51
89848,2152,-151,0.8298,1094.38,23.01,1,11.51
89898,2133,-151,0.8302,1094.41,23.01,1,11.51
89948,2149,152,0.8308,1094.47,23.01,1,11.50
89998,2154,152,0.8296,1094.36,23.01,1,11.51
90048,2151,152,0.8303,1094.42,23.01,1,11.51
90100,2163,152,0.8307,1094.46,23.01,1,11.51
90149,2160,152,0.8302,1094.41,23.01,1,11.51
90199,2191,152,0.8300,1094.40,23.01,1,11.51
90249,2200,0,0.8307,1094.46,23.01,1,11.51
90299,2202,0,0.8304,1094.43,23.01,1,11.51
90349,2210,-158,0.8294,1094.34,23.01,1,11.51
90399,2211,-158,0.8312,1094.51,23.01,1,11.51
90449,2197,-151,0.8299,1094.39,23.01,1,11.51
90499,2178,-151,0.8296,1094.36,23.01,1,11.51
90549,2184,152,0.8313,1094.52,23.01,1,11.51
90599,2190,156,0.8297,1094.37,23.01,1,11.51
90649,2191,156,0.8296,1094.36,23.01,1,11.50
90699,2202,153,0.8309,1094.48,23.01,1,11.51
90749,2227,153,0.8297,1094.37,23.01,1,11.51
90799,2238,151,0.8296,1094.36,23.01,1,11.51
90849,2235,-154,0.8311,1094.50,23.01,1,11.51
90899,2266,-154,0.8298,1094.38,23.01,1,11.51
90949,2242,-156,0.8298,1094.38,23.01,1,11.51
90999,2241,-156,0.8308,1094.47,23.01,1,11.51
91049,2241,-157,0.8298,1094.38,23.01,1,11.51
91099,2227,-157,0.8299,1094.39,23.01,1,11.51
91149,2217,-157,0.8305,1094.44,23.01,1,11.51
91199,2219,-154,0.8304,1094.43,23.01,1,11.51
91249,2172,-154,0.8298,1094.38,23.01,1,11.51
91299,2213,-152,0.8306,1094.45,23.01,1,11.51
91349,2195,-152,0.8304,1094.43,23.01,1,11.51
91399,2202,-151,0.8300,1094.40,23.01,1,11.51
91449,2197,-151,0.8303,1094.42,23.01,1,11.51
91499,2199,0,0.8307,1094.46,23.01,1,11.51
91549,2195,151,0.8302,1094.41,23.01,1,11.51
91599,2203,151,0.8307,1094.46,23.01,1,11.51
91649,2211,152,0.8309,1094.48,23.02,1,11.51
91699,2216,152,0.8303,1094.42,23.01,1,11.51
91749,2218,-152,0.8306,1094.45,23.01,1,11.50
91799,2231,-153,0.8306,1094.45,23.01,1,11.51
91849,2223,-153,0.8302,1094.41,23.01,1,11.51
91899,2230,-155,0.8302,1094.41,23.01,1,11.51
91949,2213,-155,0.8303,1094.42,23.01,1,11.51
91999,2211,-155,0.8303,1094.42,23.01,1,11.51
92049,2207,-152,0.8304,1094.43,23.01,1,11.51
92101,2200,-152,0.8296,1094.36,23.01,1,11.51
92150,2196,-151,0.8307,1094.46,23.01,1,11.51
92200,2205,-151,0.8300,1094.40,23.01,1,11.50
92250,2191,151,0.8300,1094.40,23.01,1,11.50
92300,2200,0,0.8311,1094.50,23.01,1,11.51
92350,2200,0,0.8294,1094.34,23.01,1,11.51
92400,2209,151,0.8304,1094.43,23.01,1,11.51
92450,2194,151,0.8305,1094.44,23.01,1,11.51
92500,2205,-163,0.8296,1094.36,23.01,1,11.51
92550,2225,-160,0.8306,1094.45,23.01,1,11.51
92600,2202,-160,0.8303,1094.42,23.01,1,11.51
92650,2192,-166,0.8300,1094.40,23.01,1,11.51
92700,2198,-166,0.8304,1094.43,23.01,1,11.51
92750,2183,-160,0.8296,1094.36,23.01,1,11.51
92800,2173,-161,0.8302,1094.41,23.01,1,11.50
92850,2167,-161,0.8304,1094.43,23.01,1,11.51
92900,2147,-156,0.8297,1094.37,23.01,1,11.50
92950,2164,-156,0.8305,1094.44,23.01,1,11.50
93000,2161,-151,0.8300,1094.40,23.01,1,11.51
93050,2147,-154,0.8306,1094.45,23.01,1,11.51
93100,2146,-154,0.8298,1094.38,23.01,1,11.51
93150,2109,-151,0.8303,1094.42,23.01,1,11.51
93200,2136,-151,0.8306,1094.45,23.01,1,11.51
93250,2133,156,0.8296,1094.36,23.01,1,11.51
93300,2142,151,0.8300,1094.40,23.01,1,11.51
93350,2140,151,0.8302,1094.41,23.01,1,11.51
93400,2154,0,0.8305,1094.44,23.01,1,11.51
93450,2155,0,0.8299,1094.39,23.01,1,11.51
93500,2162,160,0.8304,1094.43,23.01,1,11.50
93550,2167,159,0.8308,1094.47,23.01,1,11.51
93600,2177,159,0.8297,1094.37,23.01,1,11.51
93650,2176,157,0.8309,1094.48,23.01,1,11.51
93700,2193,157,0.8306,1094.45,23.01,1,11.51
93750,2216,155,0.8295,1094.35,23.01,1,11.51
93800,2228,152,0.8307,1094.46,23.01,1,11.51
93850,2234,152,0.8303,1094.42,23.01,1,11.51
93900,2245,-155,0.8294,1094.34,23.01,1,11.51
93950,2251,-155,0.8312,1094.51,23.01,1,11.51
94000,2249,-158,0.8303,1094.42,23.01,1,11.51
94050,2234,-158,0.8300,1094.40,23.01,1,11.51
94102,2224,-159,0.8305,1094.44,23.01,1,11.51
94151,2229,-159,0.8302,1094.41,23.01,1,11.51
94201,2226,-154,0.8299,1094.39,23.01,1,11.51
94251,2221,-155,0.8307,1094.46,23.01,1,11.51
94301,2216,-155,0.8295,1094.35,23.01,1,11.51
94351,2205,-154,0.8300,1094.40,23.01,1,11.51
94401,2205,-154,0.8308,1094.47,23.01,1,11.51
94451,2198,-159,0.8299,1094.39,23.01,1,11.51
94501,2198,-159,0.8299,1094.39,23.01,1,11.51
94551,2192,-158,0.8308,1094.47,23.01,1,11.51
94601,2189,-158,0.8300,1094.40,23.01,1,11.51
94651,2178,-157,0.8297,1094.37,23.01,1,11.51
94701,2168,-157,0.8306,1094.45,23.01,1,11.51
94751,2189,-154,0.8305,1094.44,23.01,1,11.51
94801,2173,-154,0.8302,1094.41,23.01,1,11.50
94851,2172,-156,0.8304,1094.43,23.01,1,11.51
94901,2161,-156,0.8305,1094.44,23.01,1,11.50
94951,2152,-153,0.8303,1094.42,23.01,1,11.51
95001,2142,-153,0.8306,1094.45,23.01,1,11.51
95051,2146,151,0.8311,1094.50,23.01,1,11.51
95101,2154,151,0.8299,1094.39,23.01,1,11.51
95151,2163,152,0.8303,1094.42,23.01,1,11.51
95201,2163,152,0.8306,1094.45,23.01,1,11.51
95251,2166,-151,0.8303,1094.42,23.01,1,11.51
95301,2165,-151,0.8298,1094.38,23.01,1,11.51
95351,2168,-151,0.8308,1094.47,23.01,1,11.51
95401,2182,-151,0.8302,1094.41,23.01,1,11.51
95451,2171,-151,0.8299,1094.39,23.02,1,11.50
95501,2161,0,0.8306,1094.45,23.01,1,11.51
95551,2160,152,0.8300,1094.40,23.01,1,11.51
95601,2170,152,0.8299,1094.39,23.01,1,11.51
95651,2169,154,0.8306,1094.45,23.01,1,11.51
95701,2192,154,0.8298,1094.38,23.01,1,11.51
95751,2187,153,0.8297,1094.37,23.01,1,11.51
95801,2205,153,0.8310,1094.49,23.01,1,11.51
95851,2205,-151,0.8297,1094.37,23.01,1,11.51
95901,2202,-151,0.8302,1094.41,23.01,1,11.51
95951,2214,-155,0.8309,1094.48,23.01,1,11.51
96001,2221,-155,0.8300,1094.40,23.02,1,11.51
96051,2211,-156,0.8298,1094.38,23.01,1,11.51
96103,2198,-156,0.8302,1094.41,23.00,1,11.51
96152,2200,-156,0.8303,1094.42,23.01,1,11.51
96202,2192,-156,0.8303,1094.42,23.01,1,11.50
96252,2183,-154,0.8305,1094.44,23.02,1,11.51
96302,2188,-152,0.8300,1094.40,23.01,1,11.51
96352,2187,-152,0.8300,1094.40,23.01,1,11.51
96402,2180,-151,0.8310,1094.49,23.01,1,11.51
96452,2167,-151,0.8302,1094.41,23.01,1,11.51
96502,2182,159,0.8299,1094.39,23.01,1,11.51
96552,2175,161,0.8309,1094.48,23.01,1,11.50
96602,2182,161,0.8302,1094.41,23.01,1,11.51
96652,2187,160,0.8302,1094.41,23.01,1,11.51
96702,2208,160,0.8308,1094.47,23.01,1,11.50
96752,2233,157,0.8307,1094.46,23.02,1,11.54
96802,2231,157,0.8306,1094.45,23.01,1,11.51
96852,2241,-152,0.8304,1094.43,23.01,1,11.51
96902,2267,-152,0.8307,1094.46,23.01,1,11.51
96952,2251,-153,0.8304,1094.43,23.01,1,11.51
97002,2251,-153,0.8303,1094.42,23.01,1,11.51
97052,2231,-155,0.8306,1094.45,23.01,1,11.51
97102,2236,-155,0.8305,1094.44,23.01,1,11.51
97152,2228,-151,0.8304,1094.43,23.01,1,11.51
97202,2235,-151,0.8305,1094.44,23.01,1,11.50
97252,2226,-151,0.8306,1094.45,23.01,1,11.51
97302,2230,-151,0.8303,1094.42,23.01,1,11.51
97352,2218,0,0.8307,1094.46,23.02,1,11.50
97402,2218,0,0.8306,1094.45,23.01,1,11.51
97452,2218,-155,0.8303,1094.42,23.01,1,11.51
97502,2229,-155,0.8305,1094.44,23.01,1,11.51
97552,2211,-155,0.8305,1094.44,23.01,1,11.51
97602,2211,-155,0.8300,1094.40,23.01,1,11.51
97652,2199,-154,0.8305,1094.44,23.01,1,11.51
97702,2202,-154,0.8304,1094.43,23.01,1,11.51
97752,2193,-151,0.8304,1094.43,23.01,1,11.51
97802,2202,-152,0.8303,1094.42,23.01,1,11.51
97852,2156,-152,0.8303,1094.42,23.01,1,11.51
97902,2197,-152,0.8307,1094.46,23.01,1,11.51
97952,2174,-152,0.8304,1094.43,23.01,1,11.51
98002,2179,-151,0.8309,1094.48,23.02,1,11.51
98052,2177,-151,0.8297,1094.37,23.01,1,11.51
98104,2178,153,0.8299,1094.39,23.01,1,11.51
98153,2169,153,0.8308,1094.47,23.01,1,11.50
98203,2179,153,0.8299,1094.39,23.01,1,11.51
98253,2194,153,0.8300,1094.40,23.01,1,11.51
98303,2208,153,0.8307,1094.46,23.01,1,11.51
98353,2218,153,0.8297,1094.37,23.01,1,11.51
98403,2227,-153,0.8304,1094.43,23.01,1,11.51
98453,2239,-153,0.8307,1094.46,23.01,1,11.51
98503,2230,-162,0.8296,1094.36,23.01,1,11.51
98553,2204,-162,0.8304,1094.43,23.01,1,11.50
98603,2215,-163,0.8305,1094.44,23.01,1,11.50
98653,2201,-163,0.8305,1094.44,23.01,1,11.51
98703,2207,-160,0.8308,1094.47,23.01,1,11.50
98753,2202,-160,0.8307,1094.46,23.01,1,11.51
98803,2191,-158,0.8304,1094.43,23.01,1,11.50
98853,2166,-158,0.8304,1094.43,23.02,1,11.51
98903,2170,-155,0.8308,1094.47,23.01,1,11.51
98953,2170,-155,0.8304,1094.43,23.01,1,11.51
99003,2173,-151,0.8302,1094.41,23.01,1,11.51
99053,2176,-151,0.8308,1094.47,23.01,1,11.51
99103,2166,-151,0.8303,1094.42,23.01,1,11.50
99153,2147,-151,0.8300,1094.40,23.01,1,11.51
99203,2152,-151,0.8310,1094.49,23.01,1,11.51
99253,2157,153,0.8303,1094.42,23.01,1,11.51
99303,2156,153,0.8308,1094.47,23.01,1,11.51
99353,2168,151,0.8310,1094.49,23.01,1,11.51
99403,2175,151,0.8298,1094.38,23.01,1,11.51
99453,2197,158,0.8307,1094.46,23.01,1,11.51
99503,2197,157,0.8307,1094.46,23.01,1,11.50
99553,2201,157,0.8306,1094.45,23.01,1,11.51
99603,2229,153,0.8309,1094.48,23.01,1,11.51
99653,2245,153,0.8306,1094.45,23.02,1,11.51
99703,2239,-153,0.8304,1094.43,23.02,1,11.51
99753,2235,-157,0.8304,1094.43,23.01,1,11.51
99803,2260,-157,0.8307,1094.46,23.01,1,11.51
99853,2236,-155,0.8308,1094.47,23.01,1,11.51
99903,2188,-155,0.8304,1094.43,23.01,1,11.51
99953,2212,-155,0.8303,1094.42,23.01,1,11.51
100003,2223,155,0.8305,1094.44,23.01,1,11.50
100053,2235,155,0.8303,1094.42,23.01,1,11.51
100105,2214,-152,0.8304,1094.43,23.01,1,11.50
100154,2221,-152,0.8306,1094.45,23.01,1,11.51
100204,2244,-151,0.8300,1094.40,23.01,1,11.51
100254,2227,-151,0.8299,1094.39,23.02,1,11.51
100304,2211,-156,0.8307,1094.46,23.01,1,11.50
100354,2213,-156,0.8303,1094.42,23.01,1,11.51
100404,2218,0,0.8304,1094.43,23.01,1,11.51
100454,2216,0,0.8305,1094.44,23.01,1,11.51
100504,2211,-163,0.8304,1094.43,23.01,1,11.50
100554,2215,-163,0.8299,1094.39,23.01,1,11.51
100604,2209,-163,0.8307,1094.46,23.01,1,11.50
100654,2203,-163,0.8302,1094.41,23.01,1,11.51
100704,2195,-163,0.8304,1094.43,23.01,1,11.51
100754,2169,-160,0.8306,1094.45,23.01,1,11.51
100804,2187,-159,0.8302,1094.41,23.01,1,11.51
100854,2178,-159,0.8298,1094.38,23.02,1,11.51
100904,2156,-157,0.8311,1094.50,23.02,1,11.51
100954,2161,-157,0.8300,1094.40,23.02,1,11.51
101004,2154,-151,0.8306,1094.45,23.01,1,11.51
101054,2151,-152,0.8309,1094.48,23.02,1,11.51
101104,2159,-152,0.8297,1094.37,23.01,1,11.51
101154,2150,0,0.8304,1094.43,23.02,1,11.51
101204,2150,0,0.8309,1094.48,23.01,1,11.51
101254,2149,0,0.8297,1094.37,23.01,1,11.51
101304,2150,0,0.8299,1094.39,23.01,1,11.51
101354,2149,0,0.8308,1094.47,23.02,1,11.51
101404,2151,0,0.8306,1094.45,23.01,1,11.51
101454,2148,159,0.8302,1094.41,23.01,1,11.51
101504,2161,159,0.8303,1094.42,23.01,1,11.51
101554,2163,160,0.8302,1094.41,23.01,1,11.50
101604,2182,160,0.8302,1094.41,23.02,1,11.51
101654,2194,157,0.8302,1094.41,23.01,1,11.51
101704,2194,157,0.8305,1094.44,23.01,1,11.51
101754,2210,151,0.8304,1094.43,23.01,1,11.51
101804,2226,151,0.8306,1094.45,23.02,1,11.51
101854,2232,151,0.8303,1094.42,23.02,1,11.51
101904,2243,-156,0.8300,1094.40,23.02,1,11.51
101954,2246,-156,0.8300,1094.40,23.01,1,11.51
102004,2227,-159,0.8304,1094.43,23.01,1,11.51
102054,2240,-159,0.8302,1094.41,23.02,1,11.51
102106,2227,-159,0.8299,1094.39,23.01,1,11.51
102155,2213,-158,0.8305,1094.44,23.01,1,11.51
102205,2223,-156,0.8302,1094.41,23.01,1,11.51
102255,2213,-156,0.8302,1094.41,23.01,1,11.51
102305,2223,-155,0.8305,1094.44,23.02,1,11.51
102355,2200,-155,0.8304,1094.43,23.01,1,11.51
102405,2213,-155,0.8300,1094.40,23.01,1,11.51
102455,2206,-155,0.8304,1094.43,23.01,1,11.51
102505,2200,-165,0.8303,1094.42,23.01,1,11.51
102555,2187,-164,0.8306,1094.45,23.01,1,11.51
102605,2182,-164,0.8309,1094.48,23.01,1,11.50
102655,2181,-160,0.8304,1094.43,23.01,1,11.51
102705,2178,-159,0.8302,1094.41,23.01,1,11.51
102755,2149,-159,0.8302,1094.41,23.01,1,11.51
102805,2144,-158,0.8304,1094.43,23.01,1,11.50
102855,2153,-158,0.8304,1094.43,23.01,1,11.51
102905,2161,-152,0.8307,1094.46,23.01,1,11.50
102955,2142,-153,0.8300,1094.40,23.02,1,11.51
103005,2137,-153,0.8303,1094.42,23.01,1,11.50
