time_s,depth_m,depth_setpoint_m,depth_error_m,velocity_mps
0.351,0.0862,0.5,0.4138,0.0
0.4,0.0862,0.5,0.4138,0.0
0.45,0.0862,0.5,0.4138,0.0
0.5,0.0862,0.5,0.4138,0.0
0.55,0.086,0.5,0.414,0.0
0.6,0.086,0.5,0.414,0.0
0.65,0.086,0.5,0.414,0.0
0.7,0.086,0.5,0.414,0.0
0.75,0.086,0.5,0.414,0.0
0.8,0.086,0.5,0.414,0.0
0.85,0.086,0.5,0.414,0.0
0.9,0.086,0.5,0.414,0.0
0.95,0.0858,0.5,0.4142,0.0
1.0,0.0858,0.5,0.4142,0.0
1.05,0.0858,0.5,0.4142,0.0
1.1,0.0858,0.5,0.4142,0.0
1.15,0.0858,0.5,0.4142,0.0
1.2,0.0857,0.5,0.4143,0.0
1.25,0.0857,0.5,0.4143,0.0
1.3,0.0857,0.5,0.4143,0.0
1.35,0.0857,0.5,0.4143,0.0
1.4,0.0853,0.5,0.4147,0.0
1.45,0.0851,0.5,0.4149,0.0
1.5,0.0851,0.5,0.4149,0.0
1.55,0.0851,0.5,0.4149,0.0
1.6,0.0851,0.5,0.4149,0.0
1.65,0.0851,0.5,0.4149,0.0
1.7,0.0851,0.5,0.4149,0.0
1.75,0.0851,0.5,0.4149,0.0
1.8,0.0851,0.5,0.4149,0.0
1.85,0.0852,0.5,0.4148,0.0
1.9,0.0852,0.5,0.4148,0.0
1.95,0.0854,0.5,0.4146,0.0
2.0,0.0855,0.5,0.4145,0.0
2.05,0.0857,0.5,0.4143,0.0
2.1,0.0864,0.5,0.4136,0.002
2.15,0.0864,0.5,0.4136,0.002
2.2,0.0868,0.5,0.4132,0.002
2.25,0.0874,0.5,0.4126,0.004
2.3,0.0877,0.5,0.4123,0.004
2.35,0.0878,0.5,0.4122,0.004
2.4,0.0885,0.5,0.4115,0.006
2.45,0.0893,0.5,0.4107,0.008
2.5,0.0894,0.5,0.4106,0.008
2.55,0.09,0.5,0.41,0.008
2.6,0.0906,0.5,0.4094,0.012
2.65,0.0913,0.5,0.4087,0.012
2.7,0.0925,0.5,0.4075,0.012
2.75,0.0936,0.5,0.4064,0.014
2.8,0.0947,0.5,0.4053,0.014
2.85,0.0964,0.5,0.4036,0.016
2.9,0.0978,0.5,0.4022,0.022
2.95,0.0992,0.5,0.4008,0.022
3.0,0.1014,0.5,0.3986,0.024
3.05,0.1028,0.5,0.3972,0.028
3.1,0.105,0.5,0.395,0.028
3.15,0.1077,0.5,0.3923,0.028
3.2,0.1102,0.5,0.3898,0.034
3.25,0.1129,0.5,0.3871,0.044
3.3,0.1154,0.5,0.3846,0.044
3.35,0.1183,0.5,0.3817,0.05
3.4,0.1215,0.5,0.3785,0.05
3.45,0.1254,0.5,0.3746,0.054
3.5,0.1295,0.5,0.3705,0.054
3.55,0.133,0.5,0.367,0.058
3.6,0.1372,0.5,0.3628,0.064
3.65,0.1418,0.5,0.3582,0.07
3.7,0.1464,0.5,0.3536,0.078
3.75,0.1512,0.5,0.3488,0.082
3.8,0.1563,0.5,0.3437,0.084
3.85,0.162,0.5,0.338,0.092
3.9,0.1671,0.5,0.3329,0.092
3.95,0.1726,0.5,0.3274,0.096
4.0,0.178,0.5,0.322,0.102
4.05,0.1838,0.5,0.3162,0.102
4.1,0.1899,0.5,0.3101,0.108
4.15,0.1958,0.5,0.3042,0.11
4.2,0.2015,0.5,0.2985,0.114
4.25,0.2081,0.5,0.2919,0.114
4.3,0.2138,0.5,0.2862,0.114
4.35,0.2203,0.5,0.2797,0.116
4.4,0.2269,0.5,0.2731,0.118
4.45,0.233,0.5,0.267,0.122
4.5,0.239,0.5,0.261,0.122
4.55,0.2455,0.5,0.2545,0.122
4.6,0.2524,0.5,0.2476,0.13
4.65,0.2585,0.5,0.2415,0.13
4.7,0.265,0.5,0.235,0.13
4.75,0.2712,0.5,0.2288,0.13
4.8,0.2776,0.5,0.2224,0.128
4.85,0.2845,0.5,0.2155,0.128
4.9,0.2906,0.5,0.2094,0.128
4.95,0.2968,0.5,0.2032,0.128
5.0,0.3026,0.5,0.1974,0.124
5.05,0.3088,0.5,0.1912,0.124
5.1,0.314,0.5,0.186,0.124
5.15,0.319,0.5,0.181,0.124
5.2,0.3248,0.5,0.1752,0.122
5.25,0.3301,0.5,0.1699,0.116
5.3,0.3355,0.5,0.1645,0.116
5.35,0.3399,0.5,0.1601,0.108
5.4,0.3452,0.5,0.1548,0.106
5.45,0.35,0.5,0.15,0.106
5.5,0.3544,0.5,0.1456,0.104
5.55,0.359,0.5,0.141,0.1
5.6,0.3636,0.5,0.1364,0.096
5.65,0.3677,0.5,0.1323,0.092
5.7,0.3721,0.5,0.1279,0.092
5.75,0.3763,0.5,0.1237,0.088
5.8,0.3807,0.5,0.1193,0.088
5.85,0.3852,0.5,0.1148,0.088
5.9,0.3887,0.5,0.1113,0.088
5.95,0.3929,0.5,0.1071,0.088
6.0,0.3974,0.5,0.1026,0.088
6.05,0.4007,0.5,0.0993,0.084
6.1,0.4056,0.5,0.0944,0.088
6.15,0.4095,0.5,0.0905,0.084
6.2,0.4135,0.5,0.0865,0.084
6.25,0.4176,0.5,0.0824,0.082
6.3,0.4223,0.5,0.0777,0.082
6.35,0.4261,0.5,0.0739,0.082
6.4,0.4313,0.5,0.0687,0.082
6.45,0.4363,0.5,0.0637,0.082
6.5,0.4417,0.5,0.0583,0.094
6.55,0.4465,0.5,0.0535,0.094
6.6,0.4512,0.5,0.0488,0.094
6.65,0.4569,0.5,0.0431,0.096
6.7,0.4624,0.5,0.0376,0.1
6.75,0.4683,0.5,0.0317,0.104
6.8,0.474,0.5,0.026,0.108
6.85,0.4802,0.5,0.0198,0.11
6.9,0.4859,0.5,0.0141,0.114
6.95,0.4928,0.5,0.0072,0.114
7.0,0.4988,0.5,0.0012,0.114
7.05,0.5051,0.5,-0.0051,0.118
7.1,0.5117,0.5,-0.0117,0.12
7.15,0.5181,0.5,-0.0181,0.124
7.2,0.5249,0.5,-0.0249,0.126
7.25,0.531,0.5,-0.031,0.126
7.3,0.5376,0.5,-0.0376,0.128
7.35,0.5441,0.5,-0.0441,0.13
7.4,0.5505,0.5,-0.0505,0.128
7.45,0.5569,0.5,-0.0569,0.128
7.5,0.5642,0.5,-0.0642,0.13
7.55,0.5711,0.5,-0.0711,0.13
7.6,0.577,0.5,-0.077,0.13
7.65,0.5836,0.5,-0.0836,0.13
7.7,0.5896,0.5,-0.0896,0.13
7.75,0.5953,0.5,-0.0953,0.128
7.8,0.602,0.5,-0.102,0.128
7.85,0.6065,0.5,-0.1065,0.128
7.9,0.6123,0.5,-0.1123,0.12
7.95,0.6179,0.5,-0.1179,0.118
8.0,0.6222,0.5,-0.1222,0.116
8.05,0.628,0.5,-0.128,0.116
8.1,0.6318,0.5,-0.1318,0.114
8.15,0.6369,0.5,-0.1369,0.112
8.2,0.6409,0.5,-0.1409,0.102
8.25,0.6455,0.5,-0.1455,0.092
8.3,0.6499,0.5,-0.1499,0.092
8.35,0.6537,0.5,-0.1537,0.088
8.4,0.6579,0.5,-0.1579,0.086
8.45,0.6625,0.5,-0.1625,0.088
8.5,0.6659,0.5,-0.1659,0.084
8.55,0.6709,0.5,-0.1709,0.088
8.6,0.675,0.5,-0.175,0.084
8.65,0.6793,0.5,-0.1793,0.086
8.7,0.6837,0.5,-0.1837,0.086
8.75,0.6884,0.5,-0.1884,0.086
8.8,0.6923,0.5,-0.1923,0.086
8.85,0.6971,0.5,-0.1971,0.088
8.9,0.7013,0.5,-0.2013,0.086
8.95,0.7068,0.5,-0.2068,0.088
9.0,0.7113,0.5,-0.2113,0.088
9.05,0.7163,0.5,-0.2163,0.09
9.1,0.7212,0.5,-0.2212,0.094
9.15,0.7262,0.5,-0.2262,0.096
9.2,0.7312,0.5,-0.2312,0.098
9.25,0.7359,0.5,-0.2359,0.098
9.3,0.7407,0.5,-0.2407,0.098
9.35,0.7464,0.5,-0.2464,0.1
9.4,0.7513,0.5,-0.2513,0.098
9.45,0.7558,0.5,-0.2558,0.098
9.5,0.7605,0.5,-0.2605,0.098
9.55,0.765,0.5,-0.265,0.096
9.6,0.7693,0.5,-0.2693,0.094
9.65,0.7736,0.5,-0.2736,0.094
9.7,0.7776,0.5,-0.2776,0.09
9.75,0.7807,0.5,-0.2807,0.09
9.8,0.7843,0.5,-0.2843,0.086
9.85,0.7869,0.5,-0.2869,0.086
9.9,0.7895,0.5,-0.2895,0.08
9.95,0.7919,0.5,-0.2919,0.072
10.0,0.794,0.5,-0.294,0.062
10.051,0.7961,0.5,-0.2961,0.052
10.1,0.7983,0.5,-0.2983,0.052
10.15,0.7997,0.5,-0.2997,0.048
10.2,0.8008,0.5,-0.3008,0.0449
10.25,0.8031,0.5,-0.3031,0.0449
10.3,0.8031,0.5,-0.3031,0.042
10.35,0.8031,0.5,-0.3031,0.0412
10.4,0.8031,0.5,-0.3031,0.028
10.45,0.8031,0.5,-0.3031,0.022
10.5,0.8031,0.5,-0.3031,0.0
10.55,0.8031,0.5,-0.3031,0.0
10.6,0.8031,0.5,-0.3031,0.0
10.65,0.8019,0.5,-0.3019,0.0
10.7,0.8,0.5,-0.3,0.0
10.75,0.7982,0.5,-0.2982,0.0
10.8,0.794,0.5,-0.294,0.0
10.85,0.7919,0.5,-0.2919,-0.024
10.9,0.7877,0.5,-0.2877,-0.036
10.95,0.7828,0.5,-0.2828,-0.038
11.0,0.7785,0.5,-0.2785,-0.042
11.05,0.7732,0.5,-0.2732,-0.084
11.1,0.7691,0.5,-0.2691,-0.084
11.15,0.7642,0.5,-0.2642,-0.084
11.2,0.7583,0.5,-0.2583,-0.086
11.25,0.7545,0.5,-0.2545,-0.086
11.3,0.7484,0.5,-0.2484,-0.098
11.35,0.743,0.5,-0.243,-0.098
11.4,0.7379,0.5,-0.2379,-0.102
11.45,0.7317,0.5,-0.2317,-0.106
11.5,0.7261,0.5,-0.2261,-0.108
11.55,0.721,0.5,-0.221,-0.108
11.6,0.7147,0.5,-0.2147,-0.112
11.65,0.7091,0.5,-0.2091,-0.112
11.7,0.703,0.5,-0.203,-0.112
11.75,0.6965,0.5,-0.1965,-0.112
11.8,0.6898,0.5,-0.1898,-0.122
11.85,0.6842,0.5,-0.1842,-0.122
11.9,0.6775,0.5,-0.1775,-0.122
11.95,0.6718,0.5,-0.1718,-0.122
12.0,0.6659,0.5,-0.1659,-0.122
12.052,0.66,0.5,-0.16,-0.118
12.101,0.655,0.5,-0.155,-0.118
12.151,0.6498,0.5,-0.1498,-0.114
12.201,0.6449,0.5,-0.1449,-0.1135
12.251,0.6404,0.5,-0.1404,-0.112
12.301,0.6369,0.5,-0.1369,-0.104
12.351,0.6329,0.5,-0.1329,-0.102
12.401,0.6293,0.5,-0.1293,-0.098
12.451,0.6266,0.5,-0.1266,-0.09
12.501,0.6238,0.5,-0.1238,-0.08
12.551,0.6212,0.5,-0.1212,-0.072
12.601,0.6192,0.5,-0.1192,-0.07
12.651,0.6173,0.5,-0.1173,-0.056
12.701,0.6149,0.5,-0.1149,-0.054
12.751,0.6139,0.5,-0.1139,-0.052
12.801,0.6125,0.5,-0.1125,-0.048
12.851,0.6125,0.5,-0.1125,-0.04
12.901,0.6125,0.5,-0.1125,-0.038
12.951,0.6125,0.5,-0.1125,-0.028
13.001,0.6125,0.5,-0.1125,-0.02
13.051,0.6125,0.5,-0.1125,0.0
13.101,0.6125,0.5,-0.1125,0.0
13.151,0.6125,0.5,-0.1125,0.0
13.201,0.6128,0.5,-0.1128,0.0
13.251,0.6143,0.5,-0.1143,0.0
13.301,0.6153,0.5,-0.1153,0.0
13.351,0.618,0.5,-0.118,0.0
13.401,0.6198,0.5,-0.1198,0.006
13.451,0.6216,0.5,-0.1216,0.02
13.501,0.6242,0.5,-0.1242,0.03
13.551,0.6261,0.5,-0.1261,0.036
13.601,0.6283,0.5,-0.1283,0.036
13.651,0.6306,0.5,-0.1306,0.038
13.701,0.6332,0.5,-0.1332,0.044
13.751,0.6351,0.5,-0.1351,0.044
13.801,0.6374,0.5,-0.1374,0.044
13.851,0.6398,0.5,-0.1398,0.046
13.901,0.6419,0.5,-0.1419,0.046
13.951,0.6437,0.5,-0.1437,0.044
14.001,0.6458,0.5,-0.1458,0.044
14.053,0.6482,0.5,-0.1482,0.046
14.102,0.6495,0.5,-0.1495,0.042
14.152,0.6522,0.5,-0.1522,0.042
14.202,0.6537,0.5,-0.1537,0.042
14.252,0.6551,0.5,-0.1551,0.042
14.302,0.6574,0.5,-0.1574,0.042
14.352,0.6585,0.5,-0.1585,0.036
14.402,0.6596,0.5,-0.1596,0.03
14.452,0.6617,0.5,-0.1617,0.03
14.502,0.6618,0.5,-0.1618,0.028
14.552,0.6618,0.5,-0.1618,0.028
14.602,0.6618,0.5,-0.1618,0.022
14.652,0.6618,0.5,-0.1618,0.022
14.702,0.6618,0.5,-0.1618,0.002
14.752,0.6618,0.5,-0.1618,0.0
14.802,0.6618,0.5,-0.1618,0.0
14.852,0.6617,0.5,-0.1617,0.0
14.902,0.661,0.5,-0.161,0.0
14.952,0.6601,0.5,-0.1601,0.0
15.002,0.6582,0.5,-0.1582,0.0
15.052,0.6569,0.5,-0.1569,-0.002
15.102,0.6555,0.5,-0.1555,-0.014
15.152,0.6527,0.5,-0.1527,-0.018
15.202,0.651,0.5,-0.151,-0.026
15.252,0.6485,0.5,-0.1485,-0.028
15.302,0.6453,0.5,-0.1453,-0.034
15.352,0.6427,0.5,-0.1427,-0.038
15.402,0.6389,0.5,-0.1389,-0.05
15.452,0.636,0.5,-0.136,-0.052
15.502,0.6329,0.5,-0.1329,-0.056
15.552,0.6288,0.5,-0.1288,-0.058
15.602,0.6251,0.5,-0.1251,-0.062
15.652,0.6207,0.5,-0.1207,-0.064
15.702,0.6173,0.5,-0.1173,-0.068
15.752,0.6125,0.5,-0.1125,-0.074
15.802,0.6081,0.5,-0.1081,-0.076
15.852,0.6037,0.5,-0.1037,-0.082
15.902,0.5996,0.5,-0.0996,-0.082
15.952,0.5945,0.5,-0.0945,-0.088
16.002,0.5905,0.5,-0.0905,-0.088
16.054,0.5853,0.5,-0.0853,-0.088
16.103,0.58,0.5,-0.08,-0.088
16.153,0.5754,0.5,-0.0754,-0.092
16.203,0.5703,0.5,-0.0703,-0.092
16.253,0.5653,0.5,-0.0653,-0.1
16.303,0.5605,0.5,-0.0605,-0.1
16.353,0.5553,0.5,-0.0553,-0.1
16.403,0.5494,0.5,-0.0494,-0.1
16.453,0.5441,0.5,-0.0441,-0.102
16.503,0.5393,0.5,-0.0393,-0.102
16.553,0.5333,0.5,-0.0333,-0.102
16.603,0.5286,0.5,-0.0286,-0.102
16.653,0.5234,0.5,-0.0234,-0.104
16.703,0.5173,0.5,-0.0173,-0.104
16.753,0.512,0.5,-0.012,-0.106
16.803,0.5064,0.5,-0.0064,-0.106
16.853,0.5007,0.5,-0.0007,-0.106
16.903,0.495,0.5,0.005,-0.112
16.953,0.4904,0.5,0.0096,-0.112
17.003,0.4843,0.5,0.0157,-0.112
17.053,0.4791,0.5,0.0209,-0.112
17.103,0.4732,0.5,0.0268,-0.114
17.153,0.4682,0.5,0.0318,-0.112
17.203,0.4623,0.5,0.0377,-0.114
17.253,0.4568,0.5,0.0432,-0.114
17.303,0.4517,0.5,0.0483,-0.11
17.353,0.4462,0.5,0.0538,-0.11
17.403,0.4412,0.5,0.0588,-0.11
17.453,0.4357,0.5,0.0643,-0.11
17.503,0.4306,0.5,0.0694,-0.11
17.553,0.4258,0.5,0.0742,-0.102
17.603,0.421,0.5,0.079,-0.102
17.653,0.4161,0.5,0.0839,-0.102
17.703,0.4116,0.5,0.0884,-0.1
17.753,0.4076,0.5,0.0924,-0.098
17.803,0.403,0.5,0.097,-0.096
17.853,0.3988,0.5,0.1012,-0.096
17.903,0.3951,0.5,0.1049,-0.092
17.953,0.3912,0.5,0.1088,-0.09
18.003,0.3876,0.5,0.1124,-0.084
18.055,0.3847,0.5,0.1153,-0.08
18.104,0.3812,0.5,0.1188,-0.078
18.154,0.378,0.5,0.122,-0.074
18.204,0.3757,0.5,0.1243,-0.072
18.254,0.3725,0.5,0.1275,-0.0714
18.304,0.3705,0.5,0.1295,-0.064
18.354,0.3686,0.5,0.1314,-0.064
18.404,0.3666,0.5,0.1334,-0.0558
18.454,0.3654,0.5,0.1346,-0.046
18.504,0.3642,0.5,0.1358,-0.04
18.554,0.3628,0.5,0.1372,-0.04
18.604,0.3621,0.5,0.1379,-0.038
18.654,0.3612,0.5,0.1388,-0.028
18.704,0.3602,0.5,0.1398,-0.024
18.754,0.36,0.5,0.14,-0.024
18.804,0.36,0.5,0.14,-0.02
18.854,0.3598,0.5,0.1402,-0.018
18.904,0.3598,0.5,0.1402,-0.014
18.954,0.3598,0.5,0.1402,-0.004
19.004,0.3596,0.5,0.1404,-0.004
19.054,0.3596,0.5,0.1404,-0.004
19.104,0.3595,0.5,0.1405,-0.002
19.154,0.3594,0.5,0.1406,-0.002
19.204,0.3593,0.5,0.1407,-0.002
19.254,0.3593,0.5,0.1407,-0.002
19.304,0.359,0.5,0.141,-0.002
19.354,0.3582,0.5,0.1418,-0.002
19.404,0.3581,0.5,0.1419,-0.002
19.454,0.358,0.5,0.142,-0.002
19.504,0.3568,0.5,0.1432,-0.002
19.554,0.3559,0.5,0.1441,-0.002
19.604,0.3551,0.5,0.1449,-0.006
19.654,0.353,0.5,0.147,-0.016
19.704,0.3514,0.5,0.1486,-0.016
19.754,0.3494,0.5,0.1506,-0.018
19.804,0.3471,0.5,0.1529,-0.024
19.854,0.3445,0.5,0.1555,-0.032
19.904,0.3418,0.5,0.1582,-0.04
19.954,0.339,0.5,0.161,-0.042
20.004,0.3357,0.5,0.1643,-0.046
20.056,0.332,0.5,0.168,-0.052
20.105,0.3286,0.5,0.1714,-0.054
20.155,0.3247,0.5,0.1753,-0.056
20.205,0.3207,0.5,0.1793,-0.066
20.255,0.3169,0.5,0.1831,-0.0694
20.305,0.3127,0.5,0.1873,-0.0712
20.355,0.309,0.5,0.191,-0.074
20.405,0.3047,0.5,0.1953,-0.076
20.455,0.3001,0.5,0.1999,-0.078
20.505,0.2958,0.5,0.2042,-0.08
20.555,0.2914,0.5,0.2086,-0.084
20.605,0.2873,0.5,0.2127,-0.084
20.655,0.2834,0.5,0.2166,-0.084
20.705,0.2786,0.5,0.2214,-0.086
20.755,0.2746,0.5,0.2254,-0.086
20.805,0.2708,0.5,0.2292,-0.086
20.855,0.2659,0.5,0.2341,-0.086
20.905,0.2622,0.5,0.2378,-0.082
20.955,0.2582,0.5,0.2418,-0.08
21.005,0.2542,0.5,0.2458,-0.08
21.055,0.25,0.5,0.25,-0.08
21.105,0.2459,0.5,0.2541,-0.08
21.155,0.2429,0.5,0.2571,-0.08
21.205,0.2385,0.5,0.2615,-0.08
21.255,0.2351,0.5,0.2649,-0.08
21.305,0.2316,0.5,0.2684,-0.08
21.355,0.2277,0.5,0.2723,-0.08
21.405,0.2241,0.5,0.2759,-0.078
21.455,0.2205,0.5,0.2795,-0.072
21.505,0.2169,0.5,0.2831,-0.072
21.555,0.2131,0.5,0.2869,-0.072
21.605,0.2094,0.5,0.2906,-0.072
21.655,0.2053,0.5,0.2947,-0.072
21.705,0.2013,0.5,0.2987,-0.074
21.755,0.1976,0.5,0.3024,-0.074
21.805,0.1927,0.5,0.3073,-0.074
21.855,0.1884,0.5,0.3116,-0.076
21.905,0.1842,0.5,0.3158,-0.08
21.955,0.1796,0.5,0.3204,-0.082
22.005,0.1753,0.5,0.3247,-0.084
22.057,0.1707,0.5,0.3293,-0.086
22.106,0.1656,0.5,0.3344,-0.086
22.156,0.1614,0.5,0.3386,-0.086
22.206,0.1562,0.5,0.3438,-0.0885
22.256,0.1515,0.5,0.3485,-0.0885
22.306,0.1463,0.5,0.3537,-0.092
22.356,0.1413,0.5,0.3587,-0.094
22.406,0.1365,0.5,0.3635,-0.096
22.456,0.1314,0.5,0.3686,-0.1
22.506,0.1263,0.5,0.3737,-0.102
22.556,0.1208,0.5,0.3792,-0.102
22.606,0.1149,0.5,0.3851,-0.102
22.656,0.1093,0.5,0.3907,-0.102
22.706,0.1033,0.5,0.3967,-0.104
22.756,0.0975,0.5,0.4025,-0.11
22.806,0.0912,0.5,0.4088,-0.112
22.856,0.0848,0.5,0.4152,-0.116
22.906,0.078,0.5,0.422,-0.118
22.956,0.0722,0.5,0.4278,-0.118
23.006,0.0658,0.5,0.4342,-0.12
23.056,0.0602,0.5,0.4398,-0.12
23.106,0.0551,0.5,0.4449,-0.12
23.156,0.051,0.5,0.449,-0.116
23.206,0.051,0.5,0.449,-0.116
23.256,0.051,0.5,0.449,-0.112
23.306,0.051,0.5,0.449,-0.102
23.356,0.051,0.5,0.449,-0.082
23.406,0.051,0.5,0.449,0.0
23.456,0.051,0.5,0.449,0.0
23.506,0.051,0.5,0.449,0.0
23.556,0.052,0.5,0.448,0.0
23.606,0.0548,0.5,0.4452,0.0
23.656,0.058,0.5,0.442,0.0
23.706,0.0608,0.5,0.4392,0.0
23.756,0.0644,0.5,0.4356,0.02
23.806,0.0676,0.5,0.4324,0.056
23.856,0.0712,0.5,0.4288,0.056
23.906,0.0748,0.5,0.4252,0.064
23.956,0.0784,0.5,0.4216,0.064
24.006,0.0817,0.5,0.4183,0.066
24.058,0.0851,0.5,0.4149,0.066
24.107,0.088,0.5,0.412,0.066
24.157,0.0909,0.5,0.4091,0.066
24.207,0.0938,0.5,0.4062,0.0654
24.257,0.0968,0.5,0.4032,0.0654
24.307,0.0993,0.5,0.4007,0.06
24.357,0.102,0.5,0.398,0.0592
24.407,0.1044,0.5,0.3956,0.058
24.457,0.1063,0.5,0.3937,0.058
24.507,0.1089,0.5,0.3911,0.054
24.557,0.1107,0.5,0.3893,0.052
24.607,0.1128,0.5,0.3872,0.05
24.657,0.1143,0.5,0.3857,0.048
24.707,0.1162,0.5,0.3838,0.042
24.757,0.1178,0.5,0.3822,0.038
24.807,0.12,0.5,0.38,0.038
24.857,0.1216,0.5,0.3784,0.038
24.907,0.1236,0.5,0.3764,0.038
24.957,0.125,0.5,0.375,0.036
25.007,0.1273,0.5,0.3727,0.038
25.057,0.1294,0.5,0.3706,0.038
25.107,0.1311,0.5,0.3689,0.038
25.157,0.1337,0.5,0.3663,0.04
25.207,0.1359,0.5,0.3641,0.042
25.257,0.1384,0.5,0.3616,0.042
25.307,0.1413,0.5,0.3587,0.044
25.357,0.1442,0.5,0.3558,0.046
25.407,0.1473,0.5,0.3527,0.05
25.457,0.1507,0.5,0.3493,0.052
25.507,0.154,0.5,0.346,0.058
25.557,0.1578,0.5,0.3422,0.058
25.607,0.1615,0.5,0.3385,0.062
25.657,0.166,0.5,0.334,0.066
25.707,0.1701,0.5,0.3299,0.068
25.757,0.1748,0.5,0.3252,0.074
25.807,0.1801,0.5,0.3199,0.076
25.857,0.1849,0.5,0.3151,0.082
25.907,0.19,0.5,0.31,0.09
25.957,0.1957,0.5,0.3043,0.094
26.007,0.2012,0.5,0.2988,0.096
26.059,0.2068,0.5,0.2932,0.102
26.108,0.2126,0.5,0.2874,0.106
26.158,0.2193,0.5,0.2807,0.1077
26.208,0.2248,0.5,0.2752,0.11
26.258,0.2314,0.5,0.2686,0.11
26.308,0.2376,0.5,0.2624,0.114
26.358,0.2444,0.5,0.2556,0.1184
26.408,0.2511,0.5,0.2489,0.124
26.458,0.258,0.5,0.242,0.132
26.508,0.2642,0.5,0.2358,0.132
26.558,0.2707,0.5,0.2293,0.132
26.608,0.2775,0.5,0.2225,0.132
26.658,0.2842,0.5,0.2158,0.134
26.708,0.2914,0.5,0.2086,0.134
26.758,0.2984,0.5,0.2016,0.136
26.808,0.3048,0.5,0.1952,0.134
26.858,0.3115,0.5,0.1885,0.134
26.908,0.3181,0.5,0.1819,0.134
26.958,0.3238,0.5,0.1762,0.134
27.008,0.3306,0.5,0.1694,0.134
27.058,0.336,0.5,0.164,0.134
27.108,0.3424,0.5,0.1576,0.132
27.158,0.3476,0.5,0.1524,0.128
27.208,0.3541,0.5,0.1459,0.128
27.258,0.359,0.5,0.141,0.128
27.308,0.3639,0.5,0.1361,0.114
27.358,0.3697,0.5,0.1303,0.114
27.408,0.3747,0.5,0.1253,0.108
27.458,0.3801,0.5,0.1199,0.108
27.508,0.3848,0.5,0.1152,0.104
27.558,0.3895,0.5,0.1105,0.1
27.608,0.3938,0.5,0.1062,0.098
27.658,0.3989,0.5,0.1011,0.098
27.708,0.4026,0.5,0.0974,0.098
27.758,0.4073,0.5,0.0927,0.094
27.808,0.4117,0.5,0.0883,0.094
27.858,0.4156,0.5,0.0844,0.094
27.908,0.42,0.5,0.08,0.088
27.958,0.4245,0.5,0.0755,0.088
28.008,0.4286,0.5,0.0714,0.088
28.06,0.4323,0.5,0.0677,0.088
28.109,0.4363,0.5,0.0637,0.082
28.159,0.441,0.5,0.059,0.088
28.209,0.4453,0.5,0.0547,0.086
28.259,0.45,0.5,0.05,0.086
28.309,0.4553,0.5,0.0447,0.088
28.359,0.4597,0.5,0.0403,0.088
28.409,0.4644,0.5,0.0356,0.088
28.459,0.4698,0.5,0.0302,0.094
28.509,0.4746,0.5,0.0254,0.094
28.559,0.4804,0.5,0.0196,0.094
28.609,0.4861,0.5,0.0139,0.096
28.659,0.4912,0.5,0.0088,0.102
28.709,0.4973,0.5,0.0027,0.106
28.759,0.5035,0.5,-0.0035,0.108
28.809,0.5086,0.5,-0.0086,0.108
28.859,0.5153,0.5,-0.0153,0.114
28.909,0.5222,0.5,-0.0222,0.116
28.959,0.5281,0.5,-0.0281,0.118
29.009,0.5352,0.5,-0.0352,0.122
29.059,0.5418,0.5,-0.0418,0.124
29.109,0.5486,0.5,-0.0486,0.132
29.159,0.555,0.5,-0.055,0.132
29.209,0.5629,0.5,-0.0629,0.134
29.259,0.5697,0.5,-0.0697,0.136
29.309,0.5774,0.5,-0.0774,0.136
29.359,0.5851,0.5,-0.0851,0.136
29.409,0.5923,0.5,-0.0923,0.142
29.459,0.5992,0.5,-0.0992,0.138
29.509,0.6072,0.5,-0.1072,0.144
29.559,0.6134,0.5,-0.1134,0.144
29.609,0.6207,0.5,-0.1207,0.146
29.659,0.6281,0.5,-0.1281,0.146
29.709,0.6344,0.5,-0.1344,0.146
29.759,0.6407,0.5,-0.1407,0.144
29.809,0.6476,0.5,-0.1476,0.138
29.859,0.6528,0.5,-0.1528,0.138
29.909,0.6595,0.5,-0.1595,0.134
29.959,0.6654,0.5,-0.1654,0.126
30.009,0.6713,0.5,-0.1713,0.126
30.061,0.6769,0.5,-0.1769,0.126
30.11,0.6826,0.5,-0.1826,0.118
30.16,0.688,0.5,-0.188,0.118
30.21,0.6937,0.5,-0.1937,0.1163
30.26,0.6983,0.5,-0.1983,0.114
30.31,0.7041,0.5,-0.2041,0.116
30.36,0.7088,0.5,-0.2088,0.114
30.41,0.7136,0.5,-0.2136,0.108
30.46,0.7184,0.5,-0.2184,0.1077
30.51,0.7225,0.5,-0.2225,0.096
30.56,0.7266,0.5,-0.2266,0.096
30.61,0.7309,0.5,-0.2309,0.094
30.66,0.7351,0.5,-0.2351,0.092
30.71,0.7383,0.5,-0.2383,0.086
30.76,0.743,0.5,-0.243,0.086
30.81,0.7463,0.5,-0.2463,0.084
30.86,0.7504,0.5,-0.2504,0.082
30.91,0.7546,0.5,-0.2546,0.082
30.96,0.7581,0.5,-0.2581,0.082
31.01,0.7622,0.5,-0.2622,0.082
31.06,0.766,0.5,-0.266,0.082
31.11,0.7692,0.5,-0.2692,0.076
31.16,0.7738,0.5,-0.2738,0.082
31.21,0.7772,0.5,-0.2772,0.076
31.26,0.7809,0.5,-0.2809,0.076
31.31,0.7839,0.5,-0.2839,0.074
31.36,0.787,0.5,-0.287,0.07
31.41,0.7899,0.5,-0.2899,0.068
31.46,0.792,0.5,-0.292,0.064
31.51,0.795,0.5,-0.295,0.062
31.56,0.797,0.5,-0.297,0.06
31.61,0.7986,0.5,-0.2986,0.06
31.66,0.7997,0.5,-0.2997,0.058
31.71,0.7997,0.5,-0.2997,0.042
31.76,0.7997,0.5,-0.2997,0.04
31.81,0.7997,0.5,-0.2997,0.032
31.86,0.7997,0.5,-0.2997,0.022
31.91,0.7997,0.5,-0.2997,0.0
31.96,0.7997,0.5,-0.2997,0.0
32.01,0.7997,0.5,-0.2997,0.0
32.062,0.7995,0.5,-0.2995,0.0
32.111,0.7989,0.5,-0.2989,0.0
32.161,0.7971,0.5,-0.2971,0.0
32.211,0.7953,0.5,-0.2953,0.0
32.261,0.7924,0.5,-0.2924,-0.0038
32.311,0.7903,0.5,-0.2903,-0.0122
32.361,0.7871,0.5,-0.2871,-0.036
32.411,0.7837,0.5,-0.2837,-0.036
32.461,0.7811,0.5,-0.2811,-0.042
32.511,0.7774,0.5,-0.2774,-0.052
32.561,0.773,0.5,-0.273,-0.058
32.611,0.77,0.5,-0.27,-0.06
32.661,0.7652,0.5,-0.2652,-0.064
32.711,0.7607,0.5,-0.2607,-0.068
32.761,0.7565,0.5,-0.2565,-0.074
32.811,0.7521,0.5,-0.2521,-0.084
32.861,0.7478,0.5,-0.2478,-0.086
32.911,0.7434,0.5,-0.2434,-0.088
32.961,0.739,0.5,-0.239,-0.088
33.011,0.7336,0.5,-0.2336,-0.088
33.061,0.7301,0.5,-0.2301,-0.088
33.111,0.7255,0.5,-0.2255,-0.088
33.161,0.721,0.5,-0.221,-0.088
33.211,0.7158,0.5,-0.2158,-0.088
33.261,0.7122,0.5,-0.2122,-0.088
33.311,0.7071,0.5,-0.2071,-0.09
33.361,0.7028,0.5,-0.2028,-0.09
33.411,0.6985,0.5,-0.1985,-0.09
33.461,0.6942,0.5,-0.1942,-0.086
33.511,0.6903,0.5,-0.1903,-0.086
33.561,0.686,0.5,-0.186,-0.086
33.611,0.6822,0.5,-0.1822,-0.086
33.661,0.6784,0.5,-0.1784,-0.086
33.711,0.6749,0.5,-0.1749,-0.086
33.761,0.6725,0.5,-0.1725,-0.078
33.811,0.6694,0.5,-0.1694,-0.076
33.861,0.6669,0.5,-0.1669,-0.076
33.911,0.6645,0.5,-0.1645,-0.07
33.961,0.6625,0.5,-0.1625,-0.062
34.011,0.6611,0.5,-0.1611,-0.05
34.063,0.6592,0.5,-0.1592,-0.048
34.112,0.6591,0.5,-0.1591,-0.048
34.162,0.6591,0.5,-0.1591,-0.04
34.212,0.6591,0.5,-0.1591,-0.0365
34.262,0.6591,0.5,-0.1591,-0.028
34.312,0.6591,0.5,-0.1591,-0.002
34.362,0.6591,0.5,-0.1591,0.0
34.412,0.6591,0.5,-0.1591,0.0
34.462,0.6591,0.5,-0.1591,0.0
34.512,0.6606,0.5,-0.1606,0.0
34.562,0.6617,0.5,-0.1617,0.0
34.612,0.6642,0.5,-0.1642,0.0
34.662,0.666,0.5,-0.166,0.0
34.712,0.6689,0.5,-0.1689,0.022
34.762,0.6718,0.5,-0.1718,0.03
34.812,0.6747,0.5,-0.1747,0.036
34.862,0.6781,0.5,-0.1781,0.05
34.912,0.6816,0.5,-0.1816,0.058
34.962,0.6857,0.5,-0.1857,0.058
35.012,0.6893,0.5,-0.1893,0.058
35.062,0.6936,0.5,-0.1936,0.068
35.112,0.6986,0.5,-0.1986,0.07
35.162,0.703,0.5,-0.203,0.072
35.212,0.7074,0.5,-0.2074,0.082
35.262,0.7125,0.5,-0.2125,0.086
35.312,0.717,0.5,-0.217,0.088
35.362,0.7214,0.5,-0.2214,0.088
35.412,0.7268,0.5,-0.2268,0.088
35.462,0.7317,0.5,-0.2317,0.09
35.512,0.7367,0.5,-0.2367,0.098
35.562,0.7412,0.5,-0.2412,0.09
35.612,0.746,0.5,-0.246,0.096
35.662,0.7506,0.5,-0.2506,0.096
35.712,0.7556,0.5,-0.2556,0.096
35.762,0.7611,0.5,-0.2611,0.098
35.812,0.7657,0.5,-0.2657,0.098
35.862,0.7703,0.5,-0.2703,0.096
35.912,0.7755,0.5,-0.2755,0.096
35.962,0.7797,0.5,-0.2797,0.092
